Country,Year,complexity_HH,population,GDP_pc_PPP,ind_output_meur,Unemployment_rate,Current_account_balance_to_GDP,exp_to_gdp,Public_debt_to_GDP,Adjusted_wage_share,employm_indus,fdi_in_gdp,Private_sector_debt_to_GDP,Tax_Wealth,finance_share_GO,Capital_accumulation,GDP_growth,Gini_net,size_of_finance,FDI_assets_stock,FDI_liabilities_stock
BEL,2000,1.57035,10268.38,24500,182474.3,6.9,3.9592676,71.85754893,108.7688,67.7741087,25.80999947,,185.93,0.136,0.029847788,8.404640425,3.633839708,27.48174858,2.9847788,179772.6,195218.9
BEL,2001,1.23801,10311.331,25100,184732,6.6,4.1293061,71.02051259,107.591,68.8009825,25.48999977,,191.97,0.133,0.02850084,8.369918047,0.811653912,26.82717323,2.850084,181458.7887,203537.1163
BEL,2002,1.18184,10364.613,26200,178300.1,7.5,6.0047625,70.3146529,104.7098,68.9971119,25.78000069,6.984683949,190.32,0.141,0.029254238,7.898499481,1.780243243,26.39382935,2.9254238,223940.4467,255745.4203
BEL,2003,1.16731,10426.169,26300,175164.6,8.2,5.6347541,68.59611445,101.1124,68.3248664,24.92000008,10.82870702,195.47,0.143,0.028822319,7.780163252,0.774483808,25.76835442,2.8822319,313937.595,357137.247
BEL,2004,1.09913,10492.643,27300,189916.5,8.4,4.5303655,70.3700232,96.5231,66.6536511,24.94000053,11.97545135,198.68,0.333,0.029138105,8.338546542,3.634774978,25.5278759,2.9138105,369229.8954,471071.3882
BEL,2005,1.17112,10561.436,28300,197270.3,8.5,3.3910897,73.52133838,94.627,65.7374997,24.69000053,8.695608345,197.79,0.175,0.028930511,8.686322506,2.094488373,25.4645195,2.8930511,378157.5538,478183.1371
BEL,2006,1.16198,10632.032,29300,217317.8,8.3,3.6800424,75.71128567,91.0381,65.4520688,24.69000053,14.35476326,202.03,0.225,0.02901779,8.705354745,2.499146741,25.00161362,2.901779,481355.598,618531.684
BEL,2007,1.1726,10704.83,30400,231597.4,7.5,3.9858665,77.49084021,87.0211,65.0748939,24.42000008,20.4712718,213.49,0.187,0.028869454,9.102491181,3.397475064,25.22669029,2.8869454,621095.1831,784576.3044
BEL,2008,1.0917,10779.155,30100,240037.7,7,1.3571763,79.69587591,92.5285,66.5852116,24.67000008,36.73990489,234.87,0.196,0.028575791,9.089697943,0.747283907,24.61861038,2.8575791,814051.2561,854425.8648
BEL,2009,1.20746,10854.388,28900,197923.5,7.9,0.8657868,69.30968143,99.5636,67.9923482,23.46999931,17.85729074,243.22,0.19,0.032669409,8.386302491,-2.285113068,24.85193253,3.2669409,940867.3848,967599.1584
BEL,2010,1.19813,10929.978,30600,225407.1,8.3,3.702181,76.44843482,99.7102,66.2474517,23.37999916,23.05667244,230.87,0.236,0.032531266,8.236398544,2.69515683,24.49184608,3.2531266,929252.2728,952886.9784
BEL,2011,1.15819,11005.175,31300,254372.8,7.2,0.2322569,81.63574304,102.3371,66.5586544,23.22999954,29.98598783,241.84,0.232,0.031389335,8.482125872,1.796626139,24.1044445,3.1389335,1e+06,993176.9376
BEL,2012,,11079.521,32200,254321.1,7.6,1.5124903,82.30580645,104.0914,67.7924436,21.76000023,1.342344288,247.69,0.319,0.030981098,8.406659694,0.13706057,23.84203911,3.0981098,,
BEL,2013,,11153.122,32100,248236.7,8.4,1.069689,81.80639265,105.4279,68.4264944,21.70000076,-5.455541973,246.72,0.417,0.031723633,8.202661547,-0.067173622,23.0021534,3.1723633,,
BEL,2014,,11226.322,33000,243997.8,8.5,-0.1348287,83.20371659,106.4514,67.8421399,21.38999939,-3.630242074,250.01,0.505,0.033480115,8.51519191,1.653124772,,3.3480115,,
BEL,2015,,11299.192,34400,235925.3,8.5,0.1630312,82.94880889,105.7613,66.8457192,21.43000031,-4.570885657,252.84,0.395,0.037962002,8.604963561,1.500231969,,3.7962002,,
BGR,2000,0.488015,8000.51,5600,10047.8,16.4,-5.4740737,36.48808614,71.1557,56.8546542,32.65999985,7.61709984,,,0.011393644,7.893425805,5.052088662,24.34732628,1.1393644,87,2257.3
BGR,2001,0.468498,7934.389,6000,11304.8,19.5,-5.5831066,35.00002186,64.9997,57.943899,32.72000122,5.75111107,,,0.012853942,9.244960057,3.770242687,24.70751953,1.2853942,96.7,2757.7
BGR,2002,0.47551,7869.124,6600,11989.2,18.2,-2.4554061,33.73471032,51.4014,55.4817827,32.63000107,5.529588157,,,0.013772372,9.804179121,5.937642302,26.36656952,1.3772372,125,3662.3
BGR,2003,0.452789,7805.041,7100,13031.8,13.7,-5.3477424,34.53160034,43.714,56.4817632,32.11000061,9.949281449,,,0.016736989,10.84653812,5.156178371,28.98574448,1.6736989,102.5587149,6247.03576
BGR,2004,0.382056,7742.74,7700,15393.9,12.1,-6.361235,41.0559457,36.0032,55.7491009,32.84999847,11.77465186,,,0.018240864,11.98152603,6.435467038,29.68750572,1.8240864,-175.7794817,10107.87734
BGR,2005,0.31953,7682.614,8700,18259.1,10.1,-11.4401786,42.59748019,26.7905,55.1877594,34.22000122,13.74210082,,,0.021753363,14.36341506,7.123486777,29.94210243,2.1753363,123.48059,13869.1725
BGR,2006,0.426491,7624.611,9400,22063.8,9,-17.2282475,47.08108063,21.0248,53.5252185,34.47000122,22.95467987,,,0.019781688,15.16729396,6.874305243,29.2745018,1.9781688,453.3167411,23482.67718
BGR,2007,0.566168,7568.378,10600,26220,6.9,-23.7714685,51.96567128,16.3238,51.3137673,35.5,30.99529352,,,0.022960858,15.91481371,7.344404856,28.80493546,2.2960858,811.6245429,37860.93342
BGR,2008,0.579111,7513.646,11300,27678.4,5.6,-22.1488795,52.29981166,13.031,53.8376244,36.43000031,18.83547282,,,0.022939839,17.43770218,6.021813308,29.76126289,2.2939839,1462.606195,44631.72097
BGR,2009,0.353831,7460.057,10800,24945.8,6.8,-8.1756088,42.41456289,13.6897,55.2448112,35.24000168,7.524922044,,,0.025973018,13.46682717,-3.586069108,29.91259766,2.5973018,1392.698091,48992.95925
BGR,2010,0.584884,7407.297,11400,26614.1,10.3,-1.8203518,50.17895111,15.3179,56.8403052,32.97999954,3.641372982,,,0.032306771,10.71551771,1.324006135,31.54098511,3.2306771,1555.544956,46941.29693
BGR,2011,0.507367,7355.231,11800,31441.6,11.3,0.4431954,59.06906412,15.219,54.7155417,31.45000076,3.664000265,,,0.029985279,9.921060051,1.91501387,31.50691795,2.9985279,1645.210488,47313.50647
BGR,2012,0.586226,7303.741,12200,32844,12.3,-0.9435472,60.80181048,16.6994,57.0749617,31.31999969,3.317271882,,,0.027247678,9.760335476,0.030943607,32.90597153,2.7247678,,
BGR,2013,0.561561,7252.539,12200,32415.8,13,1.1668682,64.65252951,17.012,61.4539682,30.19000053,3.567225222,,,0.025398406,9.460168605,0.862086156,32.54743195,2.5398406,,
BGR,2014,0.476996,7201.308,12900,32487.3,11.4,-0.0120525,65.01240687,26.9673,63.497499,30.12000084,3.644397805,,,0.024598534,9.505018729,1.328848474,33.27435303,2.4598534,,
BGR,2015,0.432615,7149.787,13700,33482.4,9.2,0.356095,64.10718625,26.0236,64.0312533,29.88999939,5.534300473,,,0.023886579,9.467142138,3.617445385,,2.3886579,,
CZE,2000,1.55234,10263.01,14200,61801.7,8.8,-3.6665641,48.32965949,17.0252,49.0255304,39.90999985,8.112466442,142.02,0,0.016571146,8.63279309,4.294136059,24.34754753,1.6571146,737.8229709,21643.65694
CZE,2001,1.52624,10244.261,15200,72210.4,8.1,-4.0317574,49.13565062,22.7821,48.8815355,40.50999832,8.372029747,128.51,0,0.017048591,8.897766127,3.051521283,24.60954094,1.7048591,1135.610469,27092.17022
CZE,2002,1.61843,10225.198,15600,79912.9,7.3,-4.7261046,45.24241448,25.9242,50.9827828,40.09000015,10.4001925,131.72,0,0.016387437,8.887200439,1.64694964,25.09773827,1.6387437,1472.980326,38669.22464
CZE,2003,1.63907,10211.846,16500,82696.6,7.8,-4.4225559,47.06170259,28.1474,51.9453738,39.86999893,2.035517659,129.43,0,0.017061486,8.849155008,3.601842545,25.61184692,1.7061486,2283.523037,45286.64536
CZE,2004,1.58204,10212.088,17600,95127.5,8.3,-3.9485751,57.43015901,28.4542,51.8588671,39.29000092,5.398957689,122.24,0,0.016788605,8.986422103,4.947456257,26.30974388,1.6788605,3759.776436,57258.87771
CZE,2005,1.63837,10230.877,18600,109210.3,7.9,-2.6856891,62.31477741,28.0162,51.4668287,39.47000122,10.09643568,124.06,0,0.017398182,9.317301672,6.4422623,25.96481705,1.7398182,3610.407516,60662.27428
CZE,2006,1.65191,10271.476,19600,131213.3,7.1,-3.8349865,65.29163011,27.9108,51.0565945,39.95999908,4.594977308,124.45,0,0.016845271,9.595913984,6.87654427,25.63768578,1.6845271,5017.402759,79840.99923
CZE,2007,1.64929,10330.487,21500,145381.3,5.3,-4.6965945,66.5527782,27.8069,50.8425502,40.20999908,7.3169108,127.06,0,0.017662845,10.52186756,5.529266339,25.18777847,1.7662845,8557.412324,112407.9655
CZE,2008,1.6514,10397.984,21900,164410.9,4.4,-4.9437334,63.36447718,28.6582,51.4899091,40.52000046,3.74796456,124.78,0,0.018241192,10.44675935,2.710955571,25.26340294,1.8241192,12531.18991,113173.5191
CZE,2009,1.55381,10460.022,20900,132998,6.7,-3.8689876,58.81271662,34.0576,51.4512861,38.56999969,2.562396862,135.63,0,0.020340195,9.211696509,-4.841785296,25.22512054,2.0340195,14804.52417,125827.3846
CZE,2010,1.62205,10506.617,21100,151416.3,7.3,-5.1917835,66.17670604,38.1551,52.317697,37.99000168,4.911608102,138.61,0,0.020483207,9.159566461,2.295089687,25.23945999,2.0483207,14922.54813,128504.1171
CZE,2011,1.79836,10533.985,21700,169521.9,6.7,-4.6265328,71.30715673,39.8262,52.9128424,38.45000076,1.837581407,142.6,0,0.019385302,9.080588274,2.004704006,24.77460098,1.9385302,13214.36101,120569.2788
CZE,2012,1.62207,10545.161,22000,167652.5,7,-2.2394574,76.17007462,44.4697,53.9197207,38.11999893,4.548829363,140.76,0,0.019322672,8.674779728,-0.799844281,24.37143326,1.9322672,,
CZE,2013,1.70505,10545.314,22400,162551.5,7,-1.0854468,76.87095181,44.9086,53.6337915,37.50999832,3.513606851,148.31,0,0.019573532,8.374982074,-0.483671041,24.63843346,1.9573532,,
CZE,2014,1.70339,10542.666,23800,165527.9,6.1,-1.242759,82.54569243,42.1694,52.0017831,38.04000092,3.892179242,144.44,0,0.018567032,8.603481804,2.715116132,,1.8567032,,
CZE,2015,1.65535,10543.186,25300,173503.9,5.1,-1.2190053,82.9552443,40.3164,51.6166636,38.02000046,0.918096802,136.05,0,0.017741565,9.21830727,4.535628699,,1.7741565,,
DNK,2000,1.56246,5338.283,25100,80576.8,4.3,2.2581,44.88948777,52.3543,62.8451342,25.25,21.93808544,201.51,0.01,0.024595582,8.64052249,3.746900212,22.4146347,2.4595582,65889.78243,66459.07362
DNK,2001,1.31634,5354.704,25600,83492.7,4.5,3.8017508,45.59534416,48.5083,63.9801725,25.34000015,5.635247886,203.75,0.007,0.02470936,8.442614012,0.8231493,22.0913105,2.470936,70222.7243,67409.00172
DNK,2002,1.31846,5369.058,26300,83179.7,4.6,3.6143408,45.74418676,49.081,64.6754209,23.43000031,2.480308564,212.91,0.006,0.024651397,8.131175306,0.466344928,22.19397354,2.4651397,77654.40117,73784.55847
DNK,2003,1.33507,5382.953,26100,81613.6,5.4,4.0702947,43.87740116,46.1501,65.1007054,23.10000038,0.543258554,217.85,0.006,0.025173729,8.156962429,0.390073865,22.35739326,2.5173729,90292.23177,87887.90788
DNK,2004,1.2425,5398.645,27900,84882.2,5.5,3.7177266,43.96564146,44.156,63.9235138,23.63999939,-3.502430335,223.62,0.008,0.025262111,8.328482431,2.668193459,22.73860359,2.5262111,109024.0691,99348.89165
DNK,2005,1.27804,5417.692,29000,92870,4.8,4.19235,47.45211805,37.4122,64.0081306,23.85000038,4.852872547,225.9,0.002,0.02566879,8.668962242,2.336664491,22.99108315,2.566879,111442.1024,97932.03776
DNK,2006,1.20214,5440.696,30900,100329.1,3.9,3.3249319,50.73002984,31.5494,63.8887532,23.29999924,0.855443188,257.39,0.001,0.025810733,9.583409018,3.912980152,23.37178993,2.5810733,124931.9956,109559.4729
DNK,2007,1.2141,5466.988,32100,104514.7,3.8,1.44688,51.48256458,27.346,65.681603,23.47999954,3.697114746,264.06,0,0.026617543,9.402396594,0.909252996,23.7307682,2.6617543,158387.2875,134994.9757
DNK,2008,1.2777,5495.302,32600,112243.2,3.4,2.9171177,54.17581198,33.3132,66.0100746,23.10000038,0.620104414,274.89,0,0.026972742,8.995926547,-0.512025222,23.8133049,2.6972742,164510.9652,121624.8179
DNK,2009,1.29636,5523.755,30700,94279.4,6,3.4654497,47.12605167,40.1818,68.2451263,20.28000069,1.219709765,286.64,0.001,0.029646048,7.7699516,-4.906525558,24.04769325,2.9646048,178189.0522,119151.2688
DNK,2010,1.2793,5550.959,32900,97654,7.5,6.5627751,50.52293688,42.5879,65.5174465,19.60000038,-3.654215553,282.02,0,0.030643247,7.311430729,1.870992639,24.72262383,3.0643247,185757.3976,106747.3679
DNK,2011,1.28422,5576.577,33500,105205.5,7.6,6.5856316,53.82011789,46.0709,65.1248252,19.87000084,3.940646104,284.17,0,0.029222461,7.321842214,1.336774667,23.47309113,2.9222461,193795.7742,105113.6522
DNK,2012,1.18268,5600.972,33900,109443.2,7.5,6.2815237,54.63049643,44.8942,64.1591303,19.68000031,0.841797106,280.38,0,0.029665629,7.557479281,0.226468476,22.91363907,2.9665629,,
DNK,2013,1.18973,5624.293,34300,107386.1,7,7.7589669,54.82881332,44.0456,64.0701018,19.43000031,-0.250948231,274.89,0,0.028720858,7.708955558,0.933349282,23.24105453,2.8720858,,
DNK,2014,1.26193,5646.899,35300,107711.5,6.6,8.8994085,54.5178543,43.9802,64.0421237,19.20999908,1.448071483,270.15,0.002,0.029390473,7.902053851,1.67593432,23.73146629,2.9390473,,
DNK,2015,1.23686,5669.081,36800,107449.7,6.2,9.1552711,55.22701341,39.5543,64.2479204,19.22999954,0.626823348,265.18,0,0.029367546,8.011451422,1.606086132,,2.9367546,,
DEU,2000,2.25528,81895.925,24100,1376071,7.9,-1.7287194,30.82953772,58.7577,64.6709414,33.52999878,12.71756149,170.94,0.02,0.028068336,7.245325208,2.962064051,26.55066299,2.8068336,486753.855,462568.299
DEU,2001,2.09237,81809.438,25000,1413226,7.8,-0.3098378,31.87067918,57.5824,63.7688192,32.77999878,2.91855001,170.31,0.013,0.027443909,6.951888521,1.695474312,27.0201664,2.7443909,551090.1095,416831.1049
DEU,2002,2.15217,81699.829,25500,1385325,8.6,1.9101159,32.57403962,59.2196,63.4397528,32.36999893,2.463620165,171.43,0.011,0.029684733,6.484708993,0,27.56975555,2.9684733,602804.2957,529343.9094
DEU,2003,2.22438,81569.481,25700,1407644,9.7,1.429498,32.59148319,62.9208,63.5814682,31.37999916,2.607953141,172.12,0.01,0.031562822,6.347612017,-0.709931537,27.78447723,3.1562822,720521.292,666184.506
DEU,2004,2.24756,81417.791,26900,1484778,10.4,4.4838855,35.44842378,64.6894,62.3581782,31.25,-0.725184181,166.76,0.004,0.032713268,6.305190484,1.16998572,27.86591339,3.2713268,814670.6479,719260.9913
DEU,2005,2.13201,81246.801,27500,1557057,11.2,4.6190989,37.74045357,66.9094,61.7051936,29.84000015,2.091827252,164.65,0.004,0.031598312,6.310388082,0.706697356,28.28586578,3.1598312,831364.0825,647806.3016
DEU,2006,2.15098,81055.904,28800,1699082,10.1,5.7713152,41.19034785,66.3335,60.3771623,29.64999962,2.912349683,162.48,0.001,0.030524011,6.715787314,3.70019773,28.63452148,3.0524011,1040000,836231.784
DEU,2007,2.05189,80854.515,30500,1836525,8.5,6.8378939,43.00991155,63.5423,59.4048535,29.89999962,1.478073761,160.27,0,0.028433239,6.9099359,3.260498511,29.09014511,2.8433239,1310000,1010000
DEU,2008,2.0125,80665.906,30600,1879131,7.4,5.5663338,43.45987493,64.9261,60.2950774,29.34000015,0.824174902,160.82,0,0.027030676,6.940372345,1.082329053,28.62602806,2.7030676,1250000,927369.0369
DEU,2009,1.85774,80519.685,28700,1564335,7.6,5.8754288,37.80220138,72.4302,63.0357804,28.79999924,1.657945651,165.57,0,0.031154708,6.22362,-5.618844234,28.35305214,3.1154708,1360000,969473.379
DEU,2010,1.8533,80435.307,30500,1765815,7,5.7428509,42.25037402,81.0038,61.6823988,28.30999947,2.518329046,157.86,0,0.029628081,6.523168384,4.07991861,28.23129082,2.9628081,1370000,943802.1546
DEU,2011,1.95829,80424.665,32200,1962431,5.8,6.1876646,44.81817307,78.3107,61.6522076,28.23999977,2.594160673,152.2,0.028,0.027508108,6.926991145,3.659992403,28.38863564,2.7508108,1360000,927505.0431
DEU,2012,1.83957,80477.952,32900,1963987,5.4,7.1416763,45.98253972,79.9238,62.7307322,28.19000053,1.847194475,153.39,0.032,0.028462417,6.828828045,0.492019039,28.77594757,2.8462417,,
DEU,2013,1.95057,80565.861,33200,1951807,5.2,6.8631822,45.4577106,77.4581,62.635046,27.78000069,1.796331306,153.44,0.025,0.027750723,6.709190295,0.489572857,28.78183937,2.7750723,,
DEU,2014,2.0524,80646.262,34700,1990607,5,7.5000428,45.65201629,74.8537,62.7283072,28.04999924,0.43104082,149.68,0.023,0.027647181,6.88725852,1.595337986,,2.7647181,,
DEU,2015,2.08832,80688.545,36100,2018980,4.6,8.4756102,46.78118055,71.1509,62.5545038,27.69000053,1.563114347,149.52,0.063,0.027445096,6.9487736,1.720729737,,2.7445096,,
EST,2000,0.346433,1399.145,8200,3838.7,14.6,-5.6543997,61.63612381,5.1144,55.8401495,34.99000168,7.320273855,117.5,0,0.016983309,10.20129428,10.56805349,36.11537933,1.6983309,259.0756133,2644.734182
EST,2001,0.726484,1391.754,8900,4461.1,13,-7.407864,61.34591621,4.779,54.7207515,33.75,9.493722335,125.43,0,0.01602546,10.77121836,6.328737573,35.70289612,1.602546,441.7646394,3159.919738
EST,2002,0.856224,1382.735,9900,4879.3,11.2,-11.7042543,58.31923863,5.6973,54.3935043,29.79999924,4.619380625,137.63,0,0.01637199,12.35365766,6.076333912,35.63480377,1.637199,676.0397418,4226.406631
EST,2003,0.68101,1372.89,11000,5420.4,10.3,-12.4977035,57.39562783,5.623,54.8964929,30.70000076,10.55276822,132.6,0,0.01561533,13.35686397,7.416160318,35.07963562,1.561533,1028.32001,7001.794578
EST,2004,0.709176,1363.549,12200,6116.8,10.1,-11.5300701,61.51822834,5.062,55.1295671,33.95000076,9.009741451,147.5,0,0.015608491,13.0175712,6.294731089,34.6459465,1.5608491,1418.78669,10058.582
EST,2005,0.834483,1355.662,14000,6931.2,8,-7.931062,65.905894,4.5488,53.723832,34.04999924,22.32813285,162.42,0,0.016529075,13.75395295,9.373741405,33.48818207,1.6529075,1939.535725,11289.58292
EST,2006,0.767365,1349.369,15900,8146.6,5.9,-15.5756188,63.48853922,4.404,54.1286486,33.52000046,13.04073383,197.58,0,0.018140925,15.22461698,10.27190654,32.2889061,1.8140925,3597.355283,12699.47432
EST,2007,0.850357,1344.233,18100,9407.2,4.6,-15.4302492,63.19569878,3.6636,56.8729791,35.09999847,15.42039675,198.2,0,0.020306429,15.14792558,7.748187528,30.78376389,2.0306429,6166.550826,16747.1106
EST,2008,0.788241,1339.941,17900,9748.1,5.5,-8.7678533,66.79774321,4.4868,60.7051166,35.20000076,7.742610752,205.37,0,0.02172156,12.27225877,-5.419488908,31.69435501,2.172156,6630.201701,16386.74692
EST,2009,0.643308,1336.013,15600,7380.8,13.5,2.5420865,60.80471139,7.0381,63.3229972,31.38999939,9.492747024,226.96,0,0.020331178,7.615195137,-14.72438369,32.13220596,2.0331178,6632.09193,16812.04665
EST,2010,0.780741,1332.089,16500,9509.7,16.7,1.9041853,75.07823021,6.5511,58.6452524,30.27000046,13.3026104,209.35,0,0.018232916,7.28618627,2.259054353,32.52711105,1.8232916,5775.363391,16696.28717
EST,2011,0.867918,1328.068,18500,11812.4,12.3,1.4793345,86.53972527,5.9133,55.5379937,32.40999985,4.827558145,192.89,0,0.016453945,9.391952311,7.597307246,32.82726669,1.6453945,4740.172395,16727.46124
EST,2012,0.835434,1324.04,19600,12279.8,10,-1.8702094,85.98943859,9.733,56.0896205,31.07999992,7.759292018,179.45,0,0.016468311,10.08464886,4.307279191,33.06298065,1.6468311,,
EST,2013,0.814546,1320.05,20200,13065.2,8.6,-0.2367903,84.46506448,10.1836,56.3288388,30.23999977,4.304661816,176.34,0,0.015847056,9.400356078,1.415179731,33.80389404,1.5847056,,
EST,2014,0.914518,1316.203,21000,13564,7.4,0.9926486,83.05692579,10.671,57.1229913,30.11000061,6.415942656,191.71,0,0.016095917,8.377972564,2.822922718,,1.6095917,,
EST,2015,0.959589,1312.558,21700,13288.2,6.2,2.1110841,79.28569102,10.052,60.9845689,30.60000038,-2.902940699,194.69,0,0.016678444,7.895700167,1.444213103,,1.6678444,,
IRL,2000,1.57258,3841.574,26500,75604,4.3,0.6152089,94.48844174,36.0705,52.7703499,28.45999908,25.53802575,,0,0.041222248,9.789696778,9.911315125,31.13846207,4.1222248,27925.2355,127088.6205
IRL,2001,1.616,3901.688,28300,92021.7,3.9,0.1759053,95.33700222,33.2327,51.6697323,28.93000031,8.772528596,196.93,0,0.041928129,9.833498336,6.051976078,30.57625008,4.1928129,40819.1721,134052.7804
IRL,2002,1.60851,3968.213,30200,102039.2,4.5,0.2477519,90.48024054,30.5541,49.4364867,27.62000084,23.03973986,188.76,0,0.044941207,9.861460308,5.576958717,30.47511482,4.4941207,58881.3589,182898.5235
IRL,2003,1.49611,4040.986,30700,104632.3,4.6,0.4913139,80.85123421,29.9237,50.2937765,27.73999977,13.64136972,189.79,0,0.049876248,10.1019752,3.673064646,30.37397957,4.9876248,73320.939,222837.405
IRL,2004,1.41759,4119.773,32700,105663.7,4.5,-0.1002792,80.5365239,28.2149,51.3491226,27.57999992,-5.670904613,201.41,0,0.052973971,10.47802656,6.724898857,30.95781517,5.2973971,106691.9309,207648.0587
IRL,2005,1.4449,4203.7,34400,116404,4.4,-3.5417282,79.57035309,26.0724,52.2124736,27.60000038,22.21626617,233.2,0,0.061636461,11.48827718,5.766143681,30.5300827,6.1636461,104152.1739,163530.014
IRL,2006,1.43707,4293.942,36600,125228.4,4.5,-5.348963,78.97362374,23.6097,52.9957893,27.61000061,9.510777467,254.24,0,0.063705368,11.5840259,5.866157111,29.81729126,6.3705368,120728.073,156491.208
IRL,2007,1.1793,4388.612,38500,128454.8,4.7,-6.5022135,80.74500205,23.8973,54.6386946,27.20000076,22.19685322,257.05,0,0.064370278,10.95543064,3.796589154,28.67222977,6.4370278,150059.9856,203682.7002
IRL,2008,1.2459,4480.145,34900,124435.9,6.4,-6.2412827,84.15084501,42.4135,58.4664476,24.78000069,8.460150552,316.72,0,0.057312492,9.305941011,-4.373463251,29.05994606,5.7312492,168925.9377,193250.0703
IRL,2009,1.39667,4558.603,31600,119224.8,12,-4.6614657,93.45444698,61.6763,58.0482778,21.29000092,22.87661052,356.19,0,0.056229016,7.556635402,-4.565092627,29.05122757,5.6229016,273296.226,243932.4762
IRL,2010,1.34714,4617.334,33100,104866.9,13.9,-1.2021234,103.3929919,86.2993,54.6152317,19.46999931,17.06110248,357.62,0,0.064320969,6.360666979,2.033536129,29.06868553,6.4320969,317710.9464,245797.9986
IRL,2011,1.30484,4652.714,34100,110329.8,14.7,-1.6241501,102.4457516,109.613,52.3506872,18.82999992,9.836171923,369.93,0.266,0.071442836,6.528807886,-0.040568607,28.57807541,7.1442836,313762.9866,251672.6073
IRL,2012,1.23274,4667.868,35100,110316.5,14.7,-2.6230692,106.775604,119.4783,51.7232536,18.27000046,18.13913267,381.9,0.275,0.066581054,7.192292313,-1.10286041,28.27147484,6.6581054,,
IRL,2013,1.26556,4671.263,35500,110383.5,13.1,2.1360055,106.089437,119.471,52.6729104,18.20999908,20.88013242,368.5,0.298,0.056666311,6.722991928,1.098816626,28.00212669,5.6666311,,
IRL,2014,1.32139,4675.164,37900,113749.7,11.3,1.659198,113.7867398,105.2494,51.1738907,18.20000076,33.85693177,400.99,0.385,0.063880208,7.817467356,8.462337491,28.17455101,6.3880208,,
IRL,2015,1.4359,4688.465,52400,281093.5,9.4,10.2244789,123.9946449,78.6247,39.9035613,19.03000069,71.71374247,421.94,0.066,0.042701985,10.53999279,26.27606684,,4.2701985,,
GRC,2000,0.352587,10954.032,17100,49625.4,11.2,-9.0194232,23.71838091,104.9344,55.7206694,22.60000038,-0.006301205,66.26,0.154,0.023253278,5.931199415,3.919756329,33.15223694,2.3253278,5851.9145,12479.866
GRC,2001,0.154882,10987.715,18200,53187.5,10.7,-9.2666168,22.78874432,107.0812,54.9264716,23.05999947,0.001468522,74.82,0.123,0.019253395,6.094398857,4.131619952,33.70040512,1.9253395,7020.4358,13941.2847
GRC,2002,0.245548,11011.49,19400,54290.8,10.3,-8.8084565,20.11285445,104.8631,57.8291539,22.79999924,0.022230787,79.32,0.128,0.019078088,5.939326313,3.92288542,33.86778641,1.9078088,9000.9921,15560.6106
GRC,2003,0.204318,11029.587,20200,56229.2,9.7,-10.9627491,18.54458304,101.4562,57.2271042,22.54000092,0.697028195,82.2,0.132,0.020018973,6.641678692,5.794514675,33.12388992,2.0018973,12336.984,22453.614
GRC,2004,0.205379,11047.739,21500,59172.7,10.6,-8.6872771,20.70811457,102.8703,56.2342161,22.45000076,0.892831182,87.17,0.154,0.022801761,6.648040541,5.061019894,31.90610313,2.2801761,13791.2625,28481.511
GRC,2005,0.157571,11069.662,21700,64271.6,10,-9.5047282,21.31223043,107.3918,60.0370552,22.38999939,0.278453411,98.86,0.188,0.022486653,5.753177077,0.599126156,32.13829422,2.2486653,13601.941,29189.3171
GRC,2006,0.119851,11098.212,23600,70506.2,9,-12.3000537,21.17400879,103.574,58.0618594,22.02000046,1.979103017,104.55,0.308,0.022762768,6.686726882,5.652426513,32.0320816,2.2762768,22417.974,41287.95
GRC,2007,0.242029,11131.302,24100,73685.1,8.4,-15.5834134,22.52026976,103.103,57.7316379,22.44000053,0.614657039,114.46,0.31,0.02243238,7.490453932,3.273759139,31.92175865,2.243238,31650.15,53220.8313
GRC,2008,0.194861,11161.755,24400,77534.5,7.8,-15.8491914,23.36156912,109.4155,58.3423091,22.21999931,1.617501485,126.06,0.357,0.022011976,6.777780214,-0.335153819,32.3118515,2.2011976,37232.1501,38118.663
GRC,2009,0.267714,11179.425,23100,70083.4,9.6,-12.5118878,18.9821867,126.7447,60.2373637,21.12999916,0.83714687,129.93,0.772,0.023376832,5.753989524,-4.300737473,32.59067535,2.3376832,39453.7122,42097.2132
GRC,2010,0.297462,11177.509,21500,71436.7,12.7,-11.3393114,22.10220512,146.2496,61.1413808,19.59000015,0.178275809,141.02,0.831,0.024518659,4.63115476,-5.479027005,32.74755478,2.4518659,42623.4438,35025.8106
GRC,2011,0.172751,11153.047,19700,69791.4,17.9,-10.2907913,25.53541593,172.0963,59.9553284,17.69000053,0.379464972,144.46,0.784,0.025244603,3.704929718,-9.132532413,32.99919128,2.5244603,43697.5908,29169.6816
GRC,2012,0.283137,11109.662,19100,70353.1,24.5,-4.2342335,28.68399402,159.5658,58.8903744,16.54000092,0.677055668,147.43,0.803,0.024605645,2.879423936,-7.300484787,33.16967392,2.4605645,,
GRC,2013,0.270186,11055.164,19200,68365,27.5,-2.2026713,30.35342851,177.4168,56.3213822,15.56000042,1.227963495,144.87,1.311,0.02514167,2.678581353,-3.241424262,33.03087997,2.514167,,
GRC,2014,0.337224,11000.777,19800,68252.8,26.5,-2.565997,32.50380497,179.683,57.0315527,14.97999954,1.142324192,142.45,0.646,0.023570744,2.598194906,0.35288715,33.29633331,2.3570744,,
GRC,2015,0.212862,10954.617,20200,63529.3,24.9,0.0215256,31.91500255,177.3919,56.7355265,14.93999958,0.585513293,139.94,,0.023308443,2.639358187,-0.219177134,,2.3308443,,
ESP,2000,1.17698,40749.8,18900,409222,11.9,-4.1233269,28.61617021,57.9585,64.605835,30.82999992,6.800352553,181.18,0.352,0.02163731,8.771631838,5.289093179,33.9151001,2.163731,129193.4916,156348.0937
ESP,2001,1.08236,41230.518,19900,442321,10.6,-4.1383619,27.86221567,54.1627,63.8578206,31.45999908,4.615555866,189.79,0.325,0.022154458,8.811082885,4.001069225,33.0477066,2.2154458,143580.6539,177253.9608
ESP,2002,1.04987,41815.486,20900,463066,11.5,-3.8118854,26.47713563,51.268,63.2612105,31.04000092,5.588865584,194.62,0.319,0.021951171,8.827026213,2.879762121,32.38259888,2.1951171,163589.0085,257105.813
ESP,2003,0.958014,42475.265,21300,484723,11.5,-3.9447548,25.44730868,47.6401,62.9753379,30.70999908,3.389781133,203.25,0.32,0.021290632,9.023181001,3.187571476,31.8880043,2.1290632,221020.7032,339652.0768
ESP,2004,0.928301,43167.276,22200,524995,11,-5.6492768,25.17889067,45.2611,62.6968872,30.20999908,2.353909191,216.21,0.328,0.021178501,9.062615317,3.166746501,31.38385201,2.1178501,282294.2612,407472.0314
ESP,2005,0.929307,43854.761,23500,576594,9.2,-7.5576585,24.66778283,42.2838,62.6499356,29.56999969,2.308899543,236.62,0.35,0.020865676,9.283523686,3.723102943,31.18943977,2.0865676,305426.5561,384538.4158
ESP,2006,0.915851,44537.926,25500,635110,8.5,-8.9993393,24.8719709,38.9066,62.3374491,29.39999962,2.608815937,263.49,0.381,0.021471712,9.477921636,4.174119116,30.94583893,2.1471712,436068.2426,461527.2603
ESP,2007,0.991027,45209.538,26900,686939,8.2,-9.6289162,25.70773505,35.5103,62.2253966,29.11000061,4.986868503,274.52,0.412,0.023256814,9.41533237,3.768895263,30.65203094,2.3256814,582056.7267,585857.6075
ESP,2008,0.93359,45817.016,26400,709632,11.3,-9.2151366,25.31689911,39.3987,63.1185488,27.82999992,4.865952457,268.34,0.383,0.023952124,8.680075386,1.115972755,31.55935287,2.3952124,590693.8326,588901.1771
ESP,2009,0.969969,46295.191,24600,579523,17.9,-4.3070932,22.67379897,52.7045,63.1078611,24.57999992,0.899137314,266.07,0.157,0.025907258,7.049868577,-3.57381203,32.45802307,2.5907258,625799.0052,632245.9661
ESP,2010,1.0435,46601.492,24400,633809,19.9,-3.8836613,25.51981519,60.0658,63.1760284,22.96999931,2.865354084,268.33,0.173,0.021595229,6.588003387,0.013786544,33.46996307,2.1595229,653235.5659,628341.0372
ESP,2011,0.96322,46708.366,24200,660881,21.4,-3.3008755,28.92107999,69.462,62.3646617,21.76000023,2.135871768,261.93,0.158,0.020848647,6.059644795,-1.000080488,33.45936966,2.0848647,642473.7758,622096.8176
ESP,2012,0.843965,46637.082,24200,649105,24.8,-0.4457768,30.70166327,85.6667,61.1646986,20.67000008,1.864982892,251.88,0.222,0.021309713,5.509143924,-2.929811429,33.62631607,2.1309713,,
ESP,2013,0.933439,46455.163,24000,641813,26.1,1.461145,32.2193882,95.3822,61.0428444,19.75,3.839669344,240.75,0.316,0.020205067,5.305458395,-1.705894868,33.92162704,2.0205067,,
ESP,2014,0.940982,46259.716,24900,654133,24.5,1.000458,32.66738989,100.372,61.2083215,19.45000076,2.600261761,229.64,0.328,0.020625069,5.485382808,1.378998287,33.31509781,2.0625069,,
ESP,2015,0.841731,46121.699,26300,664887,22.1,1.327583,33.17776689,99.7722,61.3059679,19.89999962,2.120702895,215.96,0.342,0.019877065,5.781127433,3.204680464,,1.9877065,,
FRA,2000,1.6592,59387.183,23000,759995,8.6,1.3794492,28.1734434,58.6564,64.2491507,26.26000023,3.024050533,177.03,0.163,0.031420619,7.869622026,3.875162259,27.65136909,3.1420619,925921.94,390949.575
FRA,2001,1.48646,59711.914,24000,783167,7.8,1.4826667,27.79418229,58.1577,64.0431119,26.03000069,3.626533763,183.21,0.171,0.030155994,7.871830631,1.954449425,27.29640007,3.0155994,798369.67,384467.125
FRA,2002,1.5488,60075.783,24600,767423,7.9,1.1677337,27.03977208,60.0789,64.5106913,25.38999939,3.432109518,179.71,0.154,0.030276,7.649985169,1.118456892,27.03452301,3.0276,638784.144,441135.655
FRA,2003,1.5434,60464.857,24000,757464,8.5,0.8004944,25.61086282,64.2109,64.61987,23.95000076,2.290156139,179.65,0.144,0.029326702,7.650094859,0.81953167,27.20950508,2.9326702,946732.17,653109.93
FRA,2004,1.37623,60858.654,24700,781990,8.9,0.5118953,25.9090112,65.7357,64.3103777,24.18000031,1.675109337,179.37,0.15,0.029812804,7.760104214,2.786424111,27.40873146,2.9812804,1150000,867480.627
FRA,2005,1.47854,61241.7,26000,815022,8.9,-0.3626569,26.36883754,67.2066,64.6052104,23.69000053,3.865316747,187.88,0.172,0.03032626,7.824365082,1.607713814,27.74160194,3.032626,1230000,888939.341
FRA,2006,1.41387,61609.991,26900,858975,8.8,-0.611164,27.17584676,64.4472,64.3637411,23.76000023,3.395496784,195.47,0.197,0.031780812,7.938195436,2.3749469,27.7568779,3.1780812,1610000,1110000
FRA,2007,1.4051,61966.193,28200,904115,8,-1.0636079,27.12839279,64.4053,63.6208937,23.29000092,3.145979067,200.36,0.224,0.032769818,8.182418757,2.361498873,27.91275406,3.2769818,1790000,1250000
FRA,2008,1.493,62309.529,27800,922969,7.4,-1.3813413,27.38622642,68.0611,63.7603541,23.12999916,2.325978916,204.98,0.207,0.03161469,8.070782487,0.195294766,28.13390923,3.161469,1270000,904646.751
FRA,2009,1.48649,62640.901,26400,797982,9.1,-1.6065873,24.07163011,78.9972,65.8323128,22.55999947,0.682307836,214.73,0.183,0.03407692,7.237615399,-2.941341055,28.35727882,3.407692,1580000,1040000
FRA,2010,1.49482,62961.136,27500,853809,9.3,-1.7479276,26.04322983,81.6993,65.5627235,22.14999962,1.469675805,216.81,0.222,0.0353257,7.282253252,1.965657375,28.80696869,3.53257,1520000,1050000
FRA,2011,1.46188,63268.405,28300,912053,9.2,-2.2327178,27.80349869,85.2085,66.0220639,22.07999992,1.54371916,221.43,0.208,0.033217591,7.321509541,2.079229175,27.64109993,3.3217591,1270000,956230.917
FRA,2012,1.38358,63561.798,28500,911213,9.8,-2.9309574,28.52181363,89.5302,66.9324864,21.65999985,1.228845226,218.87,0.24,0.033412791,7.233798532,0.182693034,26.76006508,3.3412791,,
FRA,2013,1.46865,63844.529,29000,898213,10.3,-2.8562027,28.60807392,92.3233,67.4394847,21.13999939,1.124768867,217.46,0.205,0.034290261,7.082906595,0.576241547,27.1436348,3.4290261,,
FRA,2014,1.45935,64121.249,29600,892663,10.3,-3.1916425,28.84412386,95.253,67.4841365,20.36000061,-0.036790532,225.51,0.241,0.035533273,6.97479328,0.636621653,,3.5533273,,
FRA,2015,1.43007,64395.345,30600,896106,10.4,-1.969039,29.84728674,96.1737,67.1918537,20.12000084,1.436936981,228.93,0.237,0.03541666,6.958587932,1.274180325,,3.541666,,
ITA,2000,1.47886,57147.081,23700,867985,10,-0.2819329,25.65778734,105.1064,58.5473435,31.79000092,1.154043149,131.34,0.055,0.022590834,7.249782445,3.710106587,34.13275146,2.2590834,180277.8615,121174.3625
ITA,2001,1.48808,57359.179,24200,889513.3,9,0.143715,25.73174887,104.7267,58.3051458,31.73999977,1.279676611,134.67,0.069,0.023144671,7.310373519,1.772169476,32.97589111,2.3144671,182376.222,113433.0043
ITA,2002,1.44831,57655.677,24600,899465.8,8.5,-0.5106501,24.47218186,101.9234,58.6697589,31.59000015,1.359400851,140.03,0.254,0.022649331,7.457677151,0.24856012,32.56570435,2.2649331,194499.2429,130819.0328
ITA,2003,1.50504,58002.003,24600,905303.5,8.4,-0.7910638,23.360737,100.4854,59.1557361,31.77000046,1.245687682,144.57,1.365,0.023637696,7.2898567,0.151349703,33.22373199,2.3637696,238888.872,180889.386
ITA,2004,1.4467,58348.332,24800,943687.6,8,-0.4891731,24.06289909,100.0893,59.1851266,30.84000015,1.11698188,148.13,0.621,0.02355682,7.296756986,1.58192588,34.20011902,2.355682,280480.9078,220717.4082
ITA,2005,1.41298,58657.355,25400,985492.3,7.7,-0.8995147,24.65166208,101.9405,59.5976545,30.68000031,1.985132102,153.65,0.182,0.024505793,7.275074342,0.94964756,33.25163651,2.4505793,293478.6878,224080.4759
ITA,2006,1.37663,58918.471,26600,1070000,6.8,-1.4982175,26.22796896,102.5573,60.1907474,30.04999924,2.932354101,163.48,0.103,0.024800889,7.357013691,2.006586778,32.48296356,2.4800889,378932.508,294874.983
ITA,2007,1.382,59138.599,27900,1142125,6.1,-1.3857407,27.42719911,99.7759,59.8500111,30.12999916,2.995266611,168.99,0.09,0.025634859,7.326705201,1.473862621,32.14889908,2.5634859,417870.306,376513.1286
ITA,2008,1.3208,59319.234,27800,1159599,6.7,-2.8126016,26.96454117,102.3882,60.2675273,29.79999924,-0.397381524,172.16,0.101,0.025269395,6.984650857,-1.050414814,31.8622551,2.5269395,442392.2043,327910.9623
ITA,2009,1.29447,59467.196,26000,925352.2,7.7,-1.8860519,22.47659536,112.5318,61.4712162,29.23999977,0.758499243,180.38,0.872,0.026822792,6.235625011,-5.482020413,32.38070297,2.6822792,486385.4562,364428.582
ITA,2010,1.34044,59588.007,26500,1030000,8.4,-3.4148024,25.18820921,115.3932,61.6523969,28.61000061,0.46763305,184.25,0.307,0.025650212,6.154014945,1.686542202,33.07906342,2.5650212,489657.171,328057.143
ITA,2011,1.36224,59678.993,27100,1090000,8.4,-3.0101445,27.00634728,116.5083,61.2979452,28.29000092,1.513143729,186.69,0.546,0.025158428,5.998322759,0.576622842,32.48663712,2.5158428,520005.471,339268.3434
ITA,2012,1.19693,59737.717,27000,1060000,10.7,-0.3616207,28.58636715,123.3448,62.0457742,27.57999992,0.001679455,185.24,0.235,0.025127745,5.441475147,-2.819056283,32.17740631,2.5127745,,
ITA,2013,1.22034,59771.094,26400,1040000,12.1,0.9607758,28.86258985,129.005,61.4134889,27.04999924,0.91671695,183.08,0.338,0.026610452,5.097917948,-1.728141894,31.64320946,2.6610452,,
ITA,2014,1.20556,59788.667,26600,1040000,12.7,1.8821437,29.30651614,131.8899,61.0622703,26.89999962,0.791362343,178.91,0.183,0.027645196,4.968570402,0.091878129,,2.7645196,,
ITA,2015,1.14973,59797.685,27700,1050000,11.9,1.6195988,30.0183816,132.2829,61.1856186,26.60000038,0.712675868,176.15,0.142,0.027633676,5.051697007,0.731757281,,2.7633676,,
CYP,2000,,943.287,18700,3108.7,4.8,-5.7723055,69.96344116,54.871,57.6138196,23.77000046,8.394850452,,,0.0518474,9.689931191,5.723302911,27.84704208,5.18474,344.0272119,3912.108032
CYP,2001,,961.482,19900,3335.1,3.9,-1.9158457,68.20880987,56.519,56.9248446,23.69000053,8.940244901,,,0.05374706,9.371197608,3.60197288,27.61063385,5.374706,552.8987476,4681.149293
CYP,2002,,979.883,20200,3388.4,3.5,-3.5481063,62.40503186,59.7472,58.8713967,23.18000031,9.497539644,,,0.054226042,10.15359261,3.398722428,27.37422562,5.4226042,1253.232662,6694.042101
CYP,2003,,998.15,20600,3465,4.1,-3.4297289,57.76217039,63.1236,62.3003135,22.87999916,6.230046913,,,0.051382784,9.831224481,2.475526145,27.13781738,5.1382784,2058.259247,8817.037267
CYP,2004,,1015.827,21900,3483.6,4.6,-13.7070205,56.89020584,64.1047,61.9411517,23.37999916,6.421867332,,,0.054971373,9.848797613,4.570968543,27.64930725,5.4971373,3155.417765,10854.17095
CYP,2005,,1032.586,23600,3689.8,5.3,-15.006416,55.69245705,62.8186,64.3326893,24.04999924,6.212716768,,,0.056537482,10.03655685,3.723690096,27.87523651,5.6537482,3587.194755,10563.65639
CYP,2006,,1048.293,24800,3911.4,4.6,-18.8904576,53.4358514,58.6879,63.7572733,22.64999962,9.176726278,,,0.060657168,11.38011495,4.51030633,27.89101028,6.0657168,6833.871006,13413.60164
CYP,2007,,1063.04,27100,4075.5,3.9,-28.0163754,53.25905292,53.5083,63.1951511,22.52000046,9.533621619,,,0.062543717,11.4668762,4.8210432,28.03260994,6.2543717,8930.756966,17074.52677
CYP,2008,,1077.01,27500,4625.5,3.7,-15.5123972,50.09102389,44.686,61.686449,23.04999924,8.397982397,,,0.062540865,11.62619897,3.863937635,27.42557335,6.2540865,10771.8415,17298.10527
CYP,2009,,1090.486,25800,4833.3,5.4,-7.6279632,48.72734088,53.3639,64.7244929,21.81999969,10.91093545,,,0.067881023,9.557379432,-1.773128276,27.9143219,6.7881023,11829.74621,23457.45551
CYP,2010,,1103.685,25400,4492,6.3,-11.2875981,50.21269981,55.803,63.3527439,20.39999962,53.19095304,,,0.068486698,8.918811802,1.318061384,28.48999977,6.8486698,11999.33756,22268.4665
CYP,2011,,1116.644,25000,4476.8,7.9,-4.0899982,52.92761174,65.2237,62.6759021,20.89999962,-43.46255422,,,0.073711095,7.618595642,0.321200031,30.01393127,7.3711095,12565.54164,25360.62802
CYP,2012,,1129.303,24100,4335,11.9,-5.9366712,53.50644681,79.2671,62.5101204,20.17000008,198.3054478,,,0.076021071,5.9899625,-3.157969764,31.21842003,7.6021071,,
CYP,2013,,1141.652,22500,3718.6,15.9,-4.8720018,58.72051308,102.2109,59.5055633,17.55999947,-25.04749566,,,0.082508492,5.196468586,-5.952674285,32.26435852,8.2508492,,
CYP,2014,0.609781,1153.658,22400,3515.7,16.1,-4.3862051,62.19247014,107.1226,58.8615362,16.52000046,-3.2364322,,,0.089665619,4.313580016,-1.530855572,,8.9665619,,
CYP,2015,0.514147,1165.3,23800,3456.9,15,-2.9912378,61.21776699,107.5246,58.5199998,16.22999954,40.95682557,,,0.089539917,4.834799759,1.678935359,,8.9539917,,
LVA,2000,0.100229,2371.481,7000,4394.9,14.3,-5.6542132,36.88260607,12.104,54.9776154,26.76000023,4.084622814,,0,0.016984516,17.37220752,5.406894461,31.4263916,1.6984516,23.53749698,2083.763503
LVA,2001,0.5477,2345.145,7800,4738.5,13.5,-8.3491955,38.05599001,13.9258,53.3475883,26.25,2.077607756,,0,0.018297124,20.52279751,6.461312508,31.69189835,1.8297124,39.42043038,2328.036736
LVA,2002,0.718831,2316.731,8600,5114.7,12.5,-7.2231319,36.58009658,13.1395,49.7543459,25.53000069,1.675797086,,0,0.017606601,19.86095963,7.103002028,32.27352905,1.7606601,59.08594404,2751.287948
LVA,2003,0.711119,2286.946,9400,5426.3,11.6,-8.5292563,36.11872767,13.9102,49.6896752,27.06999969,2.692573213,,0,0.017930815,21.72166949,8.430700298,33.88392639,1.7930815,114.145,3276.871
LVA,2004,0.62642,2256.935,10300,5796.7,11.7,-12.9071848,39.08135341,14.2997,49.4141339,26.94000053,4.111913334,,0,0.017765707,26.4054267,8.335571303,34.20566177,1.7765707,238.842,4528.815
LVA,2005,0.6768,2227.559,11800,6588.1,10,-12.5127691,43.17540511,11.7464,51.2817574,26.47999954,4.788929857,,0,0.019820937,29.01012887,10.69703789,35.75802612,1.9820937,282.413,4929.09
LVA,2006,0.552176,2199.105,13000,8127.3,7,-21.3989005,39.9732836,9.9328,52.9678646,27.35000038,7.949722828,,0,0.021973953,30.04283835,11.88937993,35.27341461,2.1973953,475.346,7476.096
LVA,2007,0.639798,2171.378,14900,9976.1,6.1,-21.133622,38.45098708,8.4301,55.680165,28.60000038,8.781932565,,0,0.022835806,31.99129328,9.949375127,35.87694931,2.2835806,925.754,10841.715
LVA,2008,0.583601,2144.215,15400,10355.9,7.7,-12.7031313,39.5423189,18.668,59.022219,29.38999939,4.024856371,,0,0.024230932,26.66299275,-3.60891999,35.10119629,2.4230932,1053.807,11537.452
LVA,2009,0.705589,2117.307,12800,8431.2,17.5,7.8975003,42.60288094,36.5858,58.2315285,24.34000015,-0.123773797,,0,0.020254566,17.92348886,-14.33224007,34.88402557,2.0254566,891.137,11601.948
LVA,2010,0.652095,2090.519,13400,9357.6,19.5,2.1228261,53.65732441,47.4331,53.758446,23.06999969,1.83308293,,0,0.017669164,15.04092884,-3.789655254,34.19891739,1.7669164,879.642,10750.597
LVA,2011,0.695023,2063.661,14900,10678.1,16.2,-3.0792305,57.81669301,42.759,49.6804546,22.89999962,5.316447899,,0,0.019273152,19.01841518,6.211213365,34.38578415,1.9273152,863.057,12092.063
LVA,2012,0.6679,2037.09,16100,11705.5,15,-3.5317773,61.30948217,41.2845,50.4154288,23.46999931,3.8359266,,0,0.018806421,21.66258772,3.999099309,33.98407364,1.8806421,,
LVA,2013,0.610991,2011.857,16700,11511.8,11.9,-2.1003758,60.30438714,39.0476,52.3213206,23.89999962,3.270590892,,0,0.019766952,20.54998684,2.898412482,34.58515167,1.9766952,,
LVA,2014,0.772004,1989.354,17600,10882.1,10.8,-1.9618873,59.53071949,40.7335,54.6349219,23.84000015,3.455587101,,0,0.021221964,20.81084851,2.099494611,33.99838257,2.1221964,,
LVA,2015,0.753936,1970.503,18500,10633.5,9.9,-0.7756551,58.93178133,36.3321,57.6873329,23.63999939,2.824699953,,0,0.021906704,21.52633082,2.738336178,,2.1906704,,
LTU,2000,0.143605,3486.373,7400,7486.7,16.4,-5.813298,38.54565654,23.4883,55.1048753,26.78000069,3.29548081,,,0.010577899,9.106910043,3.831656049,32.16383362,1.0577899,29.325,2334.3
LTU,2001,0.519029,3458.923,8200,8162.4,17.4,-4.6721013,44.0426404,22.8947,53.2124017,26.63999939,3.610692014,,,0.009980364,9.989668072,6.524433877,32.65720367,0.9980364,47.85,2665.5
LTU,2002,0.490175,3432.663,9000,8731.8,13.8,-5.0827438,47.34210919,22.1378,54.1953777,27.37000084,4.627916817,,,0.011739129,10.71954821,6.760712626,32.85267639,1.1739129,59.52165247,3981.337199
LTU,2003,0.453261,3406.03,10200,9739.7,12.4,-6.7177802,46.16971807,20.3659,54.5765995,27.23999977,1.156218321,,,0.011226338,11.6754163,10.53859751,33.67087173,1.1226338,119.6553347,4959.780602
LTU,2004,0.457464,3376.761,11000,11359.5,10.9,-7.3971966,47.34668127,18.6675,54.7110204,28.20000076,3.514965926,,,0.010899817,12.76120344,6.55007974,34.18621063,1.0899817,422.8329059,6388.857763
LTU,2005,0.682985,3343.268,12300,13557.9,8.3,-7.0424976,53.84223732,17.626,54.2713501,29.05999947,3.237738657,,,0.011501487,13.32962481,7.727387384,34.5214119,1.1501487,721.1050787,8211.047351
LTU,2006,0.638888,3305.529,13600,15072.2,5.8,-10.20259,55.62027108,17.2426,57.1541507,29.56999969,6.84097784,,,0.01329973,14.69099424,7.40645052,34.98566055,1.329973,1041.366332,10996.29334
LTU,2007,0.760978,3264.304,15700,15999.1,4.3,-14.9204942,50.35830795,15.8734,55.4619558,30.54999924,5.771486098,,,0.016571321,16.24399023,11.0869628,34.81713486,1.6571321,1570.464958,15061.9082
LTU,2008,0.676241,3219.802,16400,19982.2,5.8,-13.1580718,57.13900598,14.5645,55.5859279,30.52000046,3.986432168,,,0.016002621,14.38981177,2.628082357,34.87281799,1.6002621,1990.149753,12948.65957
LTU,2009,0.530485,3172.436,13800,15031.9,13.8,2.1341149,51.9391993,29.0139,56.2255363,26.85000038,0.048044695,,,0.014382255,8.661032087,-14.81417295,34.12293625,1.4382255,2293.227174,13724.54266
LTU,2010,0.642872,3122.835,15400,18299.4,17.8,-0.3160093,65.34215138,36.2169,51.2837272,24.55999947,2.331099094,,,0.013370389,8.676687243,1.639826991,33.79172516,1.3370389,2085.919001,13270.60041
LTU,2011,0.751017,3070.593,17200,21691.5,15.4,-3.8290895,74.99540652,37.1833,49.0661343,24.55999947,3.537459483,,,0.012430918,10.1292844,6.049345539,33.41938782,1.2430918,2013.669739,13920.70503
LTU,2012,0.725048,3016.496,18600,22862.2,13.4,-0.9469762,81.62369284,39.7745,48.5868998,25.07999992,1.343452874,,,0.011087791,9.720706436,3.834923284,33.71543121,1.1087791,,
LTU,2013,0.730693,2963.81,19600,23507.1,11.8,1.4225453,83.96041121,38.712,49.3668456,25.53000069,1.524069901,,,0.011184654,10.23140754,3.506819328,34.08800507,1.1184654,,
LTU,2014,0.773705,2916.798,20800,22776.6,10.7,3.8160921,80.89475334,40.5165,50.5941384,24.71999931,1.03918018,,,0.011222426,10.29620707,3.495003337,,1.1222426,,
LTU,2015,0.705477,2878.405,21700,21863.8,9.1,-2.1505204,75.86278442,42.6983,53.0998277,25.06999969,2.342923869,,,0.011733145,10.44208688,1.778577761,,1.1733145,,
LUX,2000,,436.107,48400,7548.8,2.2,12.5369707,148.4849077,6.4556,55.4306214,20.75,,,2.767,0.374183984,9.09108221,9.465900338,26.01363182,37.4183984,303156.9,324000.1
LUX,2001,,440.198,48500,7731.9,1.9,8.3999152,147.4394631,6.9632,59.5364857,21.36000061,,,2.617,0.359284101,9.492602841,4.584958004,26.60085869,35.9284101,334983.0113,368426.5837
LUX,2002,,443.729,50400,7866.8,2.6,9.4623048,141.9646116,6.8835,60.2106169,20.05999947,17.96712096,291.9,2.187,0.338919235,9.168322292,3.620736904,27.10386276,33.8919235,503175.0156,514549.909
LUX,2003,,447.321,50900,8172.8,3.8,6.5683025,138.9002279,6.9316,59.3688334,19.22999954,14.51790944,289.14,1.999,0.32364144,9.224671958,1.397626287,27.06837845,32.364144,739968.5934,768404.7454
LUX,2004,,451.826,54200,9151.3,5,11.9281836,153.0357366,7.3247,59.5075075,18.79999924,14.93326034,316.41,2.012,0.340029922,9.439803558,4.411221887,26.69440079,34.0029922,884760.2262,950232.6915
LUX,2005,,457.847,57900,9402.6,4.6,11.1026321,161.6764088,7.4753,59.3491889,17.27000046,12.43666267,259.44,2.346,0.375664967,8.846670988,3.216497628,27.12309837,37.5664967,896847.8587,913243.6183
LUX,2006,,465.546,64500,10707.5,4.6,10.0190635,176.2468904,7.8684,56.7601115,16.68000031,75.96383407,271.49,2.397,0.416661851,8.980163924,5.11066469,27.24070549,41.6661851,1090000,1150000
LUX,2007,,474.705,69100,11732,4.2,9.8438534,182.8880011,7.7982,56.3021008,16.90999985,-58.32288048,490.47,2.387,0.425840602,9.911979456,8.395465212,27.32652092,42.5840602,1470000,1500000
LUX,2008,,485.079,68400,12218.6,4.9,7.670639,187.1118807,15.0978,58.7638041,15.26000023,12.74333532,417.71,1.926,0.382422236,10.18517155,-0.84303705,27.28788567,38.2422236,1620000,1570000
LUX,2009,,496.257,62500,8945.5,5.1,7.340045,164.0695066,16.0306,62.6895522,12.60000038,53.05599775,487.73,1.973,0.362536786,8.605808146,-5.376937064,27.14030075,36.2536786,1890000,1850000
LUX,2010,,507.889,65400,10904.7,4.6,6.7142168,174.52309,19.9004,59.6371122,12.65999985,73.53262074,441.97,2.101,0.378874005,8.205161444,5.775183997,26.90416336,37.8874005,2e+06,1940000
LUX,2011,,519.981,69300,11436,4.8,6.0898722,177.9896562,18.8376,58.331048,12.94999981,14.73745723,453.86,2.031,0.372825571,9.254383682,2.012337477,27.36771965,37.2825571,2730000,2650000
LUX,2012,,532.479,69200,10592.8,5.1,5.9043456,186.4443074,21.8226,59.6081914,12.39999962,252.3081073,473.1,2.061,0.369790698,9.564812834,0.005742269,27.9779911,36.9790698,,
LUX,2013,,544.885,70000,10720.4,5.9,5.5733611,192.1333274,23.4914,58.7847522,11.71000004,24.86929188,457.92,2.105,0.373553886,9.100110086,4.194290549,28.85525131,37.3553886,,
LUX,2014,,556.573,74600,11111.6,6,5.0951073,206.3016633,22.7477,58.4579635,10.75,18.21059731,459.22,2.203,0.379054317,9.306275312,4.706200145,,37.9054317,,
LUX,2015,,567.11,77400,11764.2,6.5,5.2344745,227.1134801,22.0907,57.5840247,11.43000031,42.37126202,483.84,2.534,0.383659686,9.112097946,3.532355295,,38.3659686,,
HUN,2000,1.08822,10224.113,10400,46222.5,6.3,-7.8821271,66.82032268,55.0954,60.7718195,33.77000046,5.820256936,107.81,0,0.017691817,11.68271002,4.2023692,28.4766655,1.7691817,1279.850736,22869.88937
HUN,2001,1.05959,10195.978,11500,51338.7,5.6,-5.6374965,64.88504328,51.7037,59.8441475,34.41999817,7.558783456,108.64,0,0.016945413,11.61620021,3.774083693,26.90024567,1.6945413,1556.12694,27406.91001
HUN,2002,1.19581,10168.101,12500,56271.6,5.6,-6.792669,58.10545498,54.9577,58.4161937,34.13999939,5.392775403,104.71,0,0.018895516,12.03877383,4.503083652,26.0466404,1.8895516,2166.475395,36223.85903
HUN,2003,1.23719,10141.471,13100,59592.9,5.8,-8.264503,56.43220955,57.567,60.1573716,33.40000153,4.888297066,118.47,0,0.019743839,11.745273,3.827709797,26.34503174,1.9743839,3509.09773,48340.33859
HUN,2004,1.31609,10117.213,13700,66930.7,6.1,-9.6707324,59.74871609,58.4886,59.4024871,32.95000076,4.376411815,123.44,0,0.02016898,12.11020509,5.005408741,27.78465271,2.016898,6018.423651,61566.87115
HUN,2005,1.31278,10095.964,14500,75495.5,7.2,-8.7154121,62.7973848,60.4551,59.1969803,32.47999954,7.554343518,136.56,0,0.021646888,12.02030129,4.382895448,30.11634827,2.1646888,7810.402191,61110.29263
HUN,2006,1.46558,10078.461,15100,81367.6,7.5,-7.4558455,74.30063617,64.6359,57.7230697,32.31999969,16.27049363,145.85,0,0.021009152,11.64668443,3.855741943,28.49581718,2.1009152,57113.93331,119821.1857
HUN,2007,1.495,10064.138,15700,89940.2,7.4,-7.251508,78.30939524,65.5599,58.3143815,32.50999832,50.7415321,160.11,0,0.021056311,11.68120354,0.448359313,27.59490585,2.1056311,133141.1257,195828.0415
HUN,2008,1.4502,10050.699,16300,94018.7,7.8,-6.8335957,79.6460887,71.5581,57.9557749,32.22000122,47.69059548,169.08,0,0.020514127,11.38843371,0.889212179,27.50363922,2.0514127,189026.1574,256368.1438
HUN,2009,1.39546,10034.951,15700,73443.4,10,-0.7922567,74.77029679,77.8437,57.7636612,31.15999985,-2.283032956,184.89,0,0.023675307,10.21477364,-6.56363469,27.76986694,2.3675307,187204.0807,265352.4412
HUN,2010,1.37646,10014.633,16500,85314.9,11.2,0.2678515,82.24846507,80.4801,56.5423478,30.70000076,-16.07109568,184.45,0.501,0.022069194,9.152847168,0.677080584,27.87385368,2.2069194,146026.6466,212505.8652
HUN,2011,1.53932,9988.846,17200,92519.2,11,0.9207553,87.17257953,80.667,55.7039183,30.84000015,7.499507816,183.67,0.495,0.020638686,8.956761268,1.739429002,28.34985352,2.0638686,170566.3088,225117.8654
HUN,2012,1.33227,9958.334,17500,88871,11,1.7997581,86.76883998,78.2053,56.6731506,29.79000092,8.340240469,170.55,0.484,0.020036957,8.654429486,-1.602530606,28.93840408,2.0036957,,
HUN,2013,1.33979,9924.507,18000,88823.9,10.2,3.7959563,85.9997174,76.5957,55.2651226,29.89999962,-2.800794563,161.57,0.428,0.018591583,9.372079862,2.117170924,28.94245148,1.8591583,,
HUN,2014,1.43209,9889.54,18800,91543.2,7.7,2.017213,88.65527404,75.6607,54.6399091,30.38999939,9.30497659,158.7,0.429,0.018527959,10.07174794,4.047308891,29.05848312,1.8527959,,
HUN,2015,1.35804,9855.023,19800,96911.1,6.8,3.1307674,90.72670406,74.7149,54.3629276,30.28000069,-4.361969877,148.19,0.403,0.018356154,10.04090588,3.148087534,,1.8356154,,
MLT,2000,,387.18,16000,3571,6.7,-12.0215352,119.3337732,60.8963,55.1271978,32.70999908,17.25852562,,,0.129531849,10.56690093,6.413289286,29.32078743,12.9531849,203.07427,2385.221733
MLT,2001,,389.323,16000,3017.1,7.6,-3.6420605,108.497941,65.4721,57.5568738,30.93000031,9.623767656,,,0.135358114,9.462797997,0.60816375,28.73675919,13.5358114,258.8267605,2551.448985
MLT,2002,,391.148,16800,2969.1,7.4,2.3216365,111.6250106,63.1675,56.1823166,31.53000069,-10.61437669,,,0.139184575,7.838572094,2.982433177,28.15272903,13.9184575,271.92753,2413.381768
MLT,2003,,392.87,17600,2970.6,7.7,-2.8688454,107.7210253,69.1017,56.2761649,29.87999916,16.70412588,,,0.145319621,10.16145628,2.544122043,27.56869888,14.5319621,923.5215479,3281.001861
MLT,2004,,394.786,18100,2886.6,7.2,-3.7157748,103.4640039,71.9693,57.9161799,29.45000076,123.0996608,,,0.135568929,9.916190865,0.442013641,26.98467064,13.5568929,1121.125304,4061.369892
MLT,2005,,397.094,18900,2866.4,6.9,-6.5052574,104.3717547,70.1085,56.4126546,29.85000038,341.0950449,,,0.146514609,11.01674735,3.785249363,27.3103466,14.6514609,991.5803192,4300.545269
MLT,2006,,399.892,19200,3230.7,6.8,-7.9469091,123.4548189,64.6155,57.1563555,28.34000015,370.3371366,,,0.153591666,10.85628962,1.827699851,26.94793892,15.3591666,1150.391466,6534.672162
MLT,2007,,403.076,20500,3270.7,6.5,-1.9149796,129.5371255,62.3903,56.5952939,26.31999969,451.7155445,,,0.158267945,10.97027618,3.986461818,27.46240997,15.8267945,1200.066961,8183.326468
MLT,2008,,406.392,20700,3398.2,6,-1.0522382,148.4768385,62.7458,56.4140496,25.55999947,165.2798044,,,0.190951069,9.660377819,3.346523317,27.14191437,19.0951069,1111.286924,7765.479193
MLT,2009,,409.475,19900,2958.9,6.9,-6.5786889,147.73564,67.798,58.3636027,25.02000046,16.93357836,,,0.213086302,8.360305119,-2.462285258,27.27688599,21.3086302,1694.225265,9403.851584
MLT,2010,,412.064,21300,3283.4,6.9,-4.6572551,153.2555497,67.6305,55.9710578,25.52000046,105.7851974,,,0.207549112,10.18880807,3.543165016,27.21391487,20.7549112,1692.026185,16725.04904
MLT,2011,,414.075,21600,3381.9,6.4,-0.2007997,160.7899986,70.3651,57.8694864,24.52000046,82.11978684,,,0.198902827,8.393777676,1.445410341,26.89770508,19.8902827,1637.59594,16199.09284
MLT,2012,,415.596,22300,3570.1,6.3,1.7040155,165.9422089,68.0463,58.2191929,22.26000023,36.14350877,,,0.196677483,8.373376984,2.684879535,27.31905937,19.6677483,,
MLT,2013,,416.747,23000,3454.7,6.4,3.1189284,158.1715066,68.749,57.6486125,21.82999992,5.699406436,,,0.190024386,8.121406922,4.559213924,26.80178833,19.0024386,,
MLT,2014,,417.723,24900,3330.9,5.8,9.5500066,149.9336412,64.3361,55.6566372,20.94000053,2.87861357,,,0.173783086,8.658157124,8.393479204,,17.3783086,,
MLT,2015,,418.67,27100,3411.5,5.4,5.2421524,143.9884009,60.7756,54.3587659,19.79999924,28.40107591,,,0.162323605,12.16977899,7.434597846,,16.2323605,,
NLD,2000,1.37108,15894.016,27700,234272,3.7,6.5120597,66.4929552,51.3502,66.1722635,20.20999908,15.29013855,264.26,0.184,0.03647162,8.47397704,4.238758292,23.68748474,3.647162,305460.818,243732.3785
NLD,2001,1.1273,15984.365,28500,241069,3.1,4.8920066,63.82348499,48.6836,65.7101293,20.37999916,12.18538289,260.9,0.019,0.036228373,8.317736673,2.124268605,24.1370163,3.6228373,332154.9196,282882.3179
NLD,2002,1.08529,16076.427,29200,236421,3.7,5.3138416,60.7507366,48.1724,66.2116701,19.01000023,5.470315926,259.68,0.01,0.03625178,7.793719995,0.103616645,24.94495201,3.625178,396530.2492,349969.0179
NLD,2003,1.11259,16167.421,28600,238228,4.8,6.6409958,59.70935775,49.3064,66.3774519,19.22999954,3.574411352,265.45,0.007,0.036174666,7.549518773,0.283919031,25.84626961,3.6174666,554818.218,458223.978
NLD,2004,0.971682,16253.397,30000,251357,5.7,8.0391038,63.53583146,49.614,65.4956942,19.12000084,21.49292028,260.14,0.008,0.035954368,7.447540148,2.030706773,26.93475914,3.5954368,629512.2223,519479.0601
NLD,2005,1.05175,16331.646,31700,269880,5.9,7.2982667,66.61656974,48.9431,64.1546982,19.55999947,30.94628867,267.65,0.011,0.035917472,7.556855053,2.160369574,26.75857544,3.5917472,643913.2916,479420.6424
NLD,2006,1.04582,16401.105,33600,288969,5,8.9488823,69.2789514,44.4746,62.8229742,19.29999924,51.62545892,261.95,-0.001,0.034862649,7.940491512,3.518648756,26.86386299,3.4862649,800463.381,552747.534
NLD,2007,1.033,16463.031,35900,307826,4.2,8.5623206,70.27361075,42.3761,62.9258696,18.53000069,87.44259299,256.47,0.005,0.033257955,8.259646345,3.698469098,27.00967216,3.3257955,942085.116,766619.6286
NLD,2008,1.0485,16519.862,36200,326386,3.7,5.2072789,71.64260134,54.4667,63.4982679,17.62000084,20.84878253,256.7,0.003,0.032072872,8.391989372,1.699057542,26.5767746,3.2072872,889887.7725,645601.2798
NLD,2009,1.11008,16575.173,33500,281200,4.4,6.2392719,63.15445153,56.4925,66.1282497,16.57999992,11.18168466,275.5,0.004,0.037827287,7.500885995,-3.767576057,25.96539879,3.7827287,952641.4086,644253.6072
NLD,2010,1.04911,16631.571,34100,305816,5,7.6530612,71.95397712,59.0055,64.7059605,15.94999981,13.836826,276.47,0.004,0.039624703,6.942961429,1.402653857,25.15551567,3.9624703,955866.7044,585341.1168
NLD,2011,0.976362,16689.863,34700,342176,5,8.8471666,77.35644216,61.6586,65.0260636,15.31999969,37.12847622,275.21,0.002,0.037446002,7.234310898,1.663626344,25.38708878,3.7446002,978897.4572,585436.7001
NLD,2012,1.08893,16749.318,35300,350694,5.8,10.1698173,81.93622087,66.3876,65.9524824,15.47999954,28.92283586,273.71,0,0.038014262,6.727464656,-1.057042014,25.4806633,3.8014262,,
NLD,2013,1.1282,16809.157,35800,346641,7.3,10.2238536,82.01020915,67.7404,66.1049191,15.14000034,37.9244573,268.82,0,0.037508571,6.413670898,-0.190340027,25.10287857,3.7508571,,
NLD,2014,1.36625,16868.02,35800,341153,7.4,8.5258398,82.56536874,67.9459,66.3488498,14.96000004,11.52678064,269.28,0,0.03740703,6.526623164,1.41969725,25.11368942,3.740703,,
NLD,2015,1.37273,16924.929,37400,340555,6.9,8.4781037,82.46333132,65.1193,65.7718614,15.15999985,17.29262938,266.14,0,0.035715938,7.094226419,1.951716554,,3.5715938,,
AUT,2000,1.68916,8050.884,25700,118118.9,3.9,-0.7841606,43.42970688,65.8641,64.0801056,30.02000046,4.340358579,143.91,0.001,0.030224144,7.632754145,3.368370361,25.30909157,3.0224144,26261.5015,31279.5019
AUT,2001,1.72783,8078.877,25800,126400.5,4,-0.7516731,44.69283541,66.484,63.5183521,29.37000084,2.998614794,146.32,0,0.028832102,7.35136715,1.350543883,26.51186752,2.8832102,29934.05394,35163.99593
AUT,2002,1.78976,8114.698,26800,128316,4.4,2.1374915,45.30924848,66.2914,63.0759441,28.85000038,0.14937849,146.86,0,0.028232909,6.991843583,1.655835305,27.42936325,2.8232909,44075.75382,44618.1016
AUT,2003,1.88805,8155.466,27200,132539.9,4.8,1.4991392,44.58033908,65.4921,63.0577157,28.92000008,2.722542128,151.4,0,0.028406564,7.104110915,0.756168111,27.07917786,2.8406564,58295.09957,56529.7358
AUT,2004,1.89347,8196.624,28600,142517.6,5.5,1.8207075,46.91630427,64.8022,61.8669183,26.69000053,1.297969209,149.25,0,0.027403324,7.025750021,2.705739188,26.36455536,2.7403324,73276.32805,74500.12751
AUT,2005,1.91666,8234.858,29800,152460.9,5.6,1.8146372,48.63077931,68.3144,61.0095717,27.56999969,25.83447581,150.11,0,0.028238483,6.909879575,2.140667809,26.94130325,2.8238483,146925.0275,154666.354
AUT,2006,1.8761,8269.372,31100,169388.8,5.3,2.8177561,50.83162588,67.0443,60.5261244,28.15999985,3.140039763,153.2,0,0.028346138,6.859207156,3.350860798,27.25901222,2.8346138,184115.5603,192199.1359
AUT,2007,1.85319,8301.29,32500,183390.1,4.9,3.2647427,52.48515027,64.8081,59.9316474,27.31999969,17.82475457,157.99,0,0.028879672,7.029226257,3.621488904,27.67868996,2.8879672,270722.1397,283953.4447
AUT,2008,1.8356,8331.465,32700,196788.1,4.1,4.1242023,53.15492847,68.5177,61.0560395,26.23999977,1.475824898,160.01,0.002,0.027215027,6.987571383,1.547267324,27.94299889,2.7215027,273605.9993,269014.2614
AUT,2009,1.72874,8361.362,31100,174740.4,5.3,2.0645494,44.89586159,79.7258,63.2102551,24.96999931,3.594924346,161.14,0.005,0.026855632,6.385917051,-3.799078503,28.37446594,2.6855632,290349.5833,298610.8426
AUT,2010,1.67758,8391.986,32100,188612,4.8,3.1498417,51.00360625,82.3898,62.5310509,24.90999985,-5.639397222,164.98,0.003,0.026631791,6.179018333,1.928680109,28.68288994,2.6631791,275219.7864,258244.7016
AUT,2011,1.79979,8423.559,33500,209158.9,4.6,1.8808589,53.67186266,82.1932,62.0116836,26.03000069,5.354869378,163.2,0.006,0.026400813,6.495908595,2.807986356,29.20119095,2.6400813,303243.5796,253447.8381
AUT,2012,1.56851,8455.477,35100,217087.1,4.9,1.6995937,53.79680418,82.0174,62.7784566,26.07999992,1.281043048,164.67,0.003,0.025067018,6.488803124,0.745756199,29.21153259,2.5067018,,
AUT,2013,1.63964,8486.962,35200,217407.4,5.4,1.6019447,53.1923388,81.3234,63.2969977,25.90999985,0.105387999,168.1,0.226,0.026041844,6.530992616,0.124230116,29.40829086,2.6041844,,
AUT,2014,1.65234,8516.916,36000,213713,5.6,2.5512563,53.01616197,84.414,63.4768613,25.75,0.391232183,164.03,0.088,0.026423197,6.388807656,0.644861238,28.96233368,2.6423197,,
AUT,2015,1.61926,8544.586,37700,213017.7,5.7,2.4716969,53.06020629,85.5443,63.369489,25.76000023,1.374697435,165.64,0.022,0.026475797,6.352622395,0.963061557,,2.6475797,,
POL,2000,1.03185,38486.305,9300,,16.1,-5.372059,27.22895405,36.4532,64.6605438,31.05999947,5.430937831,,0,,11.03020857,4.559539666,28.58165359,,1187,34396
POL,2001,1.04016,38466.543,9600,,18.3,-2.4207186,27.22984711,37.3321,66.7520491,30.72999954,2.979719901,,0,,9.580741459,1.248067052,28.66040039,,1311,41402
POL,2002,1.03651,38454.823,10100,,20,-2.0947739,28.75821751,41.7787,64.3661337,28.54000092,2.05908339,,0,,8.817227571,2.041617589,29.10033035,,1592,48455
POL,2003,0.938386,38451.227,10400,132124.7,19.8,-1.6756729,33.39129715,46.5878,61.9651937,28.54999924,2.469213647,88.83,0,0.018872326,8.761728124,3.562357743,30.05108833,1.8872326,5513,61245
POL,2004,0.946251,38454.52,11300,154657.2,19.1,-6.0894144,34.26481842,45.0433,57.870062,29.04000092,5.436251482,82.11,0,0.018224652,9.136874632,5.135641052,31.18471718,1.8224652,8324,91729
POL,2005,0.966865,38463.514,11800,181798.4,17.9,-3.1844825,34.60969966,46.4412,56.8722158,29.23999977,3.60658309,82.03,0,0.018913445,9.631719209,3.493761173,31.07261848,1.8913445,11509,96077
POL,2006,1.06149,38478.763,12500,210286.2,13.9,-3.980465,37.8639851,46.948,55.4945927,29.96999931,6.227190874,87.09,0,0.019380755,10.70377691,6.179554019,31.03184509,1.9380755,21785,133174
POL,2007,1.0938,38500.356,13800,242694.2,9.6,-6.6943891,38.56459008,44.1561,55.5577352,30.71999931,5.831338509,95.6,0,0.020881864,12.07558227,7.034834087,31.0258255,2.0881864,31437,188528
POL,2008,1.0255,38525.752,14500,278033.4,7.1,-6.6135378,37.85698901,46.2946,57.4720098,31.87000084,2.730155287,107.36,0,0.020643955,12.36590964,4.249611768,30.8991375,2.0643955,33470,173682
POL,2009,1.01729,38551.489,14600,222822.3,8.1,-3.3814684,37.18445017,49.4333,54.9136686,31.10000038,3.188977363,107.8,0,0.020636631,11.40720003,2.820261838,30.90793228,2.0636631,40440,196336
POL,2010,1.11744,38574.682,15900,262645,9.7,-4.8360994,40.05515821,53.3181,55.9579592,30.28000069,3.83771941,112.34,0,0.020685744,10.85249509,3.606930847,30.93117523,2.0685744,61218,232413
POL,2011,1.13687,38594.217,17000,294121.2,9.7,-4.7623424,42.5634712,54.3582,54.7421798,30.65999985,3.495518685,115.97,0,0.020359455,11.17452895,5.016615962,31.0895977,2.0359455,61697,210236
POL,2012,0.998564,38609.486,17800,301710.8,10.1,-3.2930688,44.44449218,53.7062,54.1502782,30.39999962,1.470587408,113.22,0,0.019496547,10.46733329,1.606665428,31.31516266,1.9496547,,
POL,2013,1.12265,38618.698,17900,301670,10.3,-0.4949778,46.32131489,55.682,53.8685308,30.52000046,0.151655393,116.98,0,0.020556256,9.948545708,1.390816165,31.62376785,2.0556256,,
POL,2014,1.18943,38619.974,18600,309047.6,9,-1.3534306,47.58900369,50.2302,53.940326,30.48999977,3.627613589,120.15,0,0.02144201,10.46512484,3.282539362,,2.144201,,
POL,2015,1.14119,38611.794,19800,321844.8,7.5,0.1339597,49.52284779,51.1405,53.0742932,30.44000053,2.946975915,121.99,,0.019771932,10.59421141,3.9408928,,1.9771932,,
PRT,2000,0.609316,10278.542,16500,77443.5,5.1,-10.9528638,28.19085674,50.3171,68.2757571,34.40999985,6.162014712,208.36,0,0.025583328,10.15985181,3.787496344,35.12213135,2.5583328,19793.11532,32043.19668
PRT,2001,0.815259,10320.463,17000,79558.1,5.1,-10.2487478,27.42399659,53.4164,68.3348252,33.43999863,5.033016442,224.13,0,0.027801056,9.822329783,1.943279291,35.55539703,2.7801056,22264.97663,36023.31224
PRT,2002,0.734011,10362.028,17500,79406,6.2,-8.7584775,26.94555282,56.1823,68.0058455,33.33000183,0.443836368,233.41,0,0.028052227,9.152410084,0.768809121,35.98415375,2.8052227,21325.22289,44636.77458
PRT,2003,0.727634,10402.836,17700,79436.8,7.4,-7.4052253,26.75170904,58.6529,68.4345682,32.65999985,6.26550497,248.04,0,0.028886738,8.256716679,-0.934227278,36.41291046,2.8886738,34443.26307,60584.30197
PRT,2004,0.709719,10442.446,18200,82510.8,7.8,-8.8037295,27.25438753,61.9893,66.6251714,31.05999947,1.319840386,259.84,0,0.02924057,8.063205578,1.811588878,36.78989792,2.924057,43940.63833,66970.54703
PRT,2005,0.592206,10480.085,19300,85544.9,8.8,-10.2156372,26.7342552,67.3922,67.1928334,30.38999939,2.244709965,263.79,0,0.029471861,7.884119668,0.766828655,36.4985466,2.9471861,41965.43848,63339.75514
PRT,2006,0.630455,10516.559,20400,90757.1,8.9,-10.6889725,29.91706733,69.1748,65.9544446,30.30999947,6.328223238,266.7,0,0.032903133,7.651659887,1.553044889,36.41252518,3.2903133,53983.74863,88460.92711
PRT,2007,0.709888,10550.695,21200,97247.3,9.1,-10.0247499,31.00574278,68.4391,64.4478385,30.23999977,2.509138013,278.78,0,0.034319585,7.716120127,2.492001422,35.30709839,3.4319585,67707.83388,115314.4511
PRT,2008,0.688131,10577.458,21000,101385.9,8.8,-12.5935736,31.1252705,71.6663,64.8782213,28.98999977,2.985171797,293.89,0,0.034871509,7.587172465,0.199245411,34.26506042,3.4871509,63005.99944,99969.70802
PRT,2009,0.598529,10590.26,20100,86202.3,10.7,-10.0637972,27.08071141,83.6095,64.7938528,27.79999924,2.288819188,303.14,0,0.034059141,6.921124594,-2.978067794,32.64999008,3.4059141,68471.40409,114709.6769
PRT,2010,0.675848,10584.837,20900,94194.2,12,-10.3052963,29.87325191,96.1833,63.8843685,27.26000023,3.54832691,301.51,0,0.032109613,6.780831788,1.898659623,31.97138023,3.2109613,66732.16045,111685.9806
PRT,2011,0.560323,10558.909,20200,99598.1,12.9,-5.4551947,34.29133363,111.3897,63.1753586,26.85000038,4.00893304,298.71,0,0.032864936,5.921011573,-1.826823572,31.4308815,3.2864936,72229.72198,111828.5083
PRT,2012,0.626132,10515.016,20000,98770.4,15.8,-2.0200719,37.71057061,126.2224,61.4459439,25.14999962,10.15704951,315.4,0,0.03186319,4.972535093,-4.028298917,31.77529144,3.186319,,
PRT,2013,0.506501,10459.716,20500,99113.1,16.4,0.7343248,39.51617604,129.0397,61.0898049,23.70000076,4.779368877,303.17,0,0.030166446,4.763788817,-1.130143794,31.85549164,3.0166446,,
PRT,2014,0.44624,10402.343,21200,99511.9,14.1,-0.2533813,40.07437411,130.6026,60.2635385,23.86000061,5.710955025,293.1,0,0.02877753,4.914453218,0.893078744,32.09751892,2.877753,,
PRT,2015,0.371725,10349.803,22300,102012.7,12.6,-0.2792583,40.56077432,128.9877,59.2914921,24.35000038,1.122950405,275.35,,0.028765599,5.16817145,1.595606597,,2.8765599,,
ROU,2000,0.578479,22128.139,5200,32326,7.6,-3.8385586,32.71547444,22.3754,80.0881862,25.79000092,2.769873873,,,0.016475359,9.352007445,2.395100465,27.30379677,1.6475359,136.19,6951.25214
ROU,2001,0.650218,21983.221,5600,35895.8,7.4,-5.5911067,32.9572575,25.6648,84.0622788,25.85000038,2.841576324,,,0.014026716,10.16830162,5.591995054,28.36737633,1.4026716,116.48,8349.569392
ROU,2002,0.640986,21851.988,6200,39494,8.3,-1.0963769,35.22439887,24.7624,68.3078129,29.59000015,2.477554871,,,0.010983677,11.12609276,5.184188857,29.70746994,1.0983677,144.16,7798.950327
ROU,2003,0.553908,21722.664,6600,40313.1,7.7,-5.8797722,34.54292616,21.3481,67.3917602,29.13999939,3.080119802,,,0.009251386,12.16159653,5.524259425,30.40173912,0.9251386,208.14,12187.47517
ROU,2004,0.644029,21578.318,7700,47760.4,8,-8.2666124,35.63708755,18.6361,59.8387884,31.05999947,8.453556577,,,0.010318958,13.14918512,8.358638313,31.33818626,1.0318958,272.9074208,20522.63804
ROU,2005,0.658558,21407.619,8300,59352.7,7.1,-8.561707,32.9085321,15.7066,65.988708,30.45000076,6.518364169,,,0.009792226,14.58789892,4.171884902,31.91856575,0.9792226,213.8013933,25892.68572
ROU,2006,0.701114,21205.977,9700,71770.2,7.2,-10.3570763,32.0602079,12.2717,62.2177114,30.70999908,8.909855322,,,0.008986688,16.57261758,8.055574239,31.95012856,0.8986688,879.4053162,45454.33637
ROU,2007,0.904527,20979.708,11100,86359.9,6.4,-12.6980985,29.1450562,12.7339,60.2674849,31.40999985,5.889752674,,,0.011196446,21.91109287,6.863746206,31.68048477,1.1196446,1237.938227,62860.60134
ROU,2008,0.934941,20741.669,12900,94274.6,5.6,-12.3689164,26.9346193,13.1621,63.1186284,31.60000038,6.565336456,,,0.012239711,22.33273371,8.458997394,30.90254211,1.2239711,1481.338014,68613.58014
ROU,2009,0.626236,20510.263,12200,82823.8,6.5,-4.0717476,27.37186273,23.2098,61.3887679,30.02000046,2.770041319,,,0.011474071,13.52451724,-7.066849133,30.61096764,1.1474071,1396.295331,71981.35721
ROU,2010,0.729511,20298.838,13100,87881.4,7,-4.5349049,32.30179903,29.9106,60.4527691,28.31999969,1.912960935,,,0.01148956,12.65445547,-0.798453003,30.80251312,1.148956,1511.72526,70311.67092
ROU,2011,0.717182,20111.664,13600,99063.5,7.2,-4.3876699,36.84566124,34.1918,55.1461888,28.55999947,1.278625764,,,0.012867031,12.51877824,1.05628388,31.34549522,1.2867031,1384.7103,72749.7369
ROU,2012,0.706564,19944.954,14300,100644.2,6.8,-4.2193785,37.4640831,37.2665,54.4324675,28.20999908,1.775304301,,,0.013772395,12.0447375,0.640995225,31.80571365,1.3772395,,
ROU,2013,0.708925,19794.163,14600,106597.9,7.1,-0.6135012,39.74821792,37.7715,52.0646076,28.28000069,2.012445325,,,0.01662756,11.07381465,3.531593412,31.88182831,1.662756,,
ROU,2014,0.72353,19651.554,15200,109865.8,6.8,-0.1460614,41.19168394,39.3858,53.3694136,28.93000031,1.939510435,,,0.015313,11.1073282,3.076307314,,1.5313,,
ROU,2015,0.644102,19511.324,16300,110731.5,6.8,-0.600968,41.10897062,37.9801,50.5475683,28.45999908,2.432213653,,,0.015880399,11.65888008,3.937971321,,1.5880399,,
SVN,2000,1.38839,1988.652,15800,16099,6.7,-3.8917108,50.00560338,25.851,71.445034,37.40999985,0.6675777,,0.076,0.019527967,13.44569492,4.15544216,22.61192703,1.9527967,767.6,2892.7
SVN,2001,1.46936,1988.287,16500,17153,6.2,-1.1127468,51.74892005,26.0635,71.5176512,38.20000076,2.400913566,111.42,0.096,0.018640582,13.21768001,2.949355156,22.98806381,1.8640582,988.6,2594
SVN,2002,1.47138,1987.855,17400,18000.1,6.3,0.1903271,52.1575729,27.2723,70.6873883,38.5,7.850251339,112.77,0.066,0.019826432,12.85205173,3.836311613,21.30755806,1.9826432,1505.3,4112.1
SVN,2003,1.57251,1988.304,17900,18510.4,6.7,-1.3046849,50.89585024,26.7122,69.8955577,36.86999893,1.803521966,115.94,0.006,0.020653994,13.10560495,2.842102933,22.45527077,2.0653994,2350.2,6308.1
SVN,2004,1.63294,1990.924,19300,19889.1,6.3,-3.0290503,54.96623593,26.8464,70.0320516,35.95999908,2.213794501,116.39,0.042,0.020100746,13.27349918,4.351785441,23.27325439,2.0100746,3025.4,7589.9
SVN,2005,1.62642,1996.522,20300,21083.9,6.5,-2.094633,59.57994063,26.2871,69.84089,36.88999939,2.670923857,131.75,0.011,0.020660974,13.18394466,4.002988098,23.165205,2.0660974,3289.840857,7235.853681
SVN,2006,1.58344,2005.566,21300,23196.5,6,-1.8483377,64.69539306,25.9999,68.7376597,35.33000183,1.746976636,138.89,0,0.021379927,13.83425566,5.656016806,23.08174706,2.1379927,4546.54657,8984.928326
SVN,2007,1.53209,2017.452,22700,26017,4.9,-4.1892788,67.5970601,22.8293,67.501063,34.84999847,3.917583057,160.3,0,0.020631771,14.60736472,6.941629239,23.01720428,2.0631771,8032.175461,14375.17371
SVN,2008,1.5428,2030.599,23400,26653.7,4.4,-5.2541172,66.108834,21.803,68.2434676,34.95999908,1.944743913,168.97,0.001,0.020227428,14.69949615,3.300154907,23.65284729,2.0227428,8841.192628,15637.56625
SVN,2009,1.43789,2042.804,20900,21974.8,5.9,-0.7937522,57.24267828,34.6376,70.9437675,32.97999954,-0.68916437,178.47,0.001,0.023402935,11.21020682,-7.797289576,24.16809082,2.3402935,9054.679994,15184.29362
SVN,2010,1.38118,2052.48,21200,24286.8,7.3,-0.5753545,64.28811476,38.3627,72.4560205,32.45000076,0.664509447,176.56,0.006,0.023737906,9.656023939,1.237754544,24.53799438,2.3737906,8174.908773,14466.66272
SVN,2011,1.52768,2059.023,21700,25976.6,8.2,-0.1297691,70.37395513,46.6269,71.7537225,31.5,1.707021412,172.22,0.011,0.02266221,9.173229374,0.649363367,25.70879936,2.266221,7802.463637,15108.12267
SVN,2012,1.49706,2062.881,21800,25461.8,8.9,2.1035484,73.27410455,53.8964,72.494115,30.80999947,0.072523473,174.42,0.007,0.019980047,8.437015775,-2.689416529,26.88829994,1.9980047,,
SVN,2013,1.56207,2064.819,21900,25371,10.1,3.6117357,75.18665582,71.0106,72.5502794,30.87999916,0.218033892,168.21,0.005,0.020156143,8.761986467,-1.086898663,26.43817902,2.0156143,,
SVN,2014,1.49993,2066.068,22700,26302.2,9.7,6.1556734,76.38966295,80.8923,71.1476166,30.75,2.05792134,153.26,0.021,0.020391795,8.938476778,3.106267232,,2.0391795,,
SVN,2015,1.4389,2067.526,23800,26972.3,9,5.3574526,77.9358444,83.149,70.7109802,31.62000084,3.928400798,138.96,0.012,0.019654182,9.079786782,2.316636543,,1.9654182,,
SVK,2000,1.43909,5386.065,9900,21843.6,18.9,-2.5567627,54.06572062,49.6236,49.6249721,37.24000168,7.498294564,100.79,,0.011505896,11.85593093,1.210187667,25.78540802,1.1505896,363.5864863,4503.618983
SVK,2001,1.30369,5386.224,10700,23410.1,19.5,-7.0729704,57.79478437,48.2814,48.1189914,37.04999924,4.991639843,100.33,,0.011483093,12.93050474,3.31644807,26.62266731,1.1483093,506.6746446,5730.538304
SVK,2002,1.32079,5385.48,11400,26084.9,18.8,-7.4758905,57.48239223,42.8823,48.6688514,38.15000153,12.00685359,105.03,,0.015922166,12.55526811,4.522787094,27.72917557,1.5922166,543.9104806,8923.818563
SVK,2003,1.32694,5384.533,12000,31677.5,17.7,-6.393193,62.19284565,41.5887,48.0609612,38.09000015,2.073965037,98.29,,0.015285281,11.93450656,5.418733258,27.34030151,1.5285281,828.8882139,15775.78979
SVK,2004,1.1916,5384.237,12800,35373.9,18.4,-6.6966107,68.7124767,40.6392,46.3608618,39.11999893,7.094384561,92.9,,0.015577,12.2519578,5.258812126,26.39716721,1.5577,841.6970803,21876.26334
SVK,2005,1.30696,5385.192,14100,38875.1,16.4,-8.5514674,72.04562673,33.8177,47.556663,38.75,6.259706525,89.95,,0.017267276,13.78924384,6.75093693,26.20038223,1.7267276,597.0326781,23655.9409
SVK,2006,1.35213,5387.734,15600,48107.8,13.5,-8.2599096,81.02664006,30.6764,46.2529976,38.79000092,8.068986332,93.15,,0.016243947,14.41627154,8.452884042,25.55951881,1.6243947,1324.899032,33613.14867
SVK,2007,1.3022,5391.728,17400,60097.9,11.2,-5.607712,83.27576405,29.8173,45.8190848,39.36999893,5.862432149,99.59,,0.014819568,14.93106251,10.7995936,24.86769295,1.4819568,1862.216878,42695.04154
SVK,2008,1.3929,5396.71,18600,69023.1,9.6,-6.551692,80.04533635,28.144,45.8585028,40.11999893,4.62687859,94.06,,0.015188359,14.51988725,5.629790507,25.31955528,1.5188359,2976.192238,51033.80556
SVK,2009,1.33733,5401.951,17400,57677.8,12.1,-3.4121143,67.60925099,35.8928,49.4722608,37.91999817,1.707853803,99.84,,0.017353573,11.70158595,-5.422530552,25.75778961,1.7353573,3696.517426,52640.74166
SVK,2010,1.35784,5406.896,19000,66340,14.5,-4.6742774,76.33525779,40.7005,48.5573492,37.11000061,2.365847361,100.3,,0.016878322,12.38626121,5.041706712,26.28543091,1.6878322,3456.504875,50328.0986
SVK,2011,1.50172,5411.377,19500,75398.3,13.7,-5.5103975,85.04703393,43.1564,48.5519658,37.47999954,5.527148518,108.61,,0.016754346,13.63285511,2.819097954,25.57567596,1.6754346,4209.44487,51292.65441
SVK,2012,1.24316,5415.496,20100,79664.7,14,0.4089074,91.43012388,52.1649,48.1198071,37.52999878,1.90202119,107.69,,0.016629425,12.32698402,1.657140028,24.94937897,1.6629425,,
SVK,2013,1.34918,5419.288,20500,79609.6,14.2,1.5098449,93.81950135,54.7392,48.1380033,35.81999969,1.019320811,112.41,,0.016745192,12.2142567,1.490660701,25.21095657,1.6745192,,
SVK,2014,1.35285,5422.861,21300,80496.1,13.2,0.6123664,91.8030975,53.6234,48.7917024,35.43999863,-0.359710829,116.45,,0.017400934,12.39745468,2.570853808,,1.7400934,,
SVK,2015,1.30709,5426.258,22300,83731.7,11.5,0.1473967,93.48819164,52.4789,49.6384234,36.09999847,1.31940905,120.73,,0.016308047,14.2592289,3.831080387,,1.6308047,,
FIN,2000,1.88347,5176.482,23400,105498,9.8,7.4621498,42.08687739,42.5111,59.9920004,27.87999916,10.75309164,147.99,0.132,0.013470485,8.201483458,5.634847452,24.86756897,1.3470485,52108.9305,24272.0925
FIN,2001,1.87205,5188.446,24100,104185,9.1,8.0567999,39.71281597,40.9777,59.2075429,27,2.493015644,142.87,0.088,0.013868089,8.171462972,2.580792075,24.84359169,1.3868089,52225.838,24070.9469
FIN,2002,1.8937,5200.632,24500,102746,9.1,8.1496267,39.08583914,40.2329,59.5371301,27.07999992,5.790621615,144.96,0.076,0.013224933,7.801122405,1.680325089,24.88948441,1.3224933,63933.24044,33987.08759
FIN,2003,1.88836,5213.8,24600,101757,9,4.7687852,37.26619559,42.799,59.903084,26.59000015,3.48601093,152.07,0.065,0.013079812,7.88722557,1.993984087,24.96526527,1.3079812,76049.62524,50256.55083
FIN,2004,1.9782,5228.842,26300,107872,8.8,5.8418572,38.58919591,42.7172,59.4304555,25.97999954,3.441250236,156.6,0.074,0.012846613,8.1050087,3.926057175,25.20978355,1.2846613,85022.45907,57379.10269
FIN,2005,1.91958,5246.368,27200,113948,8.4,3.1650921,40.25561632,40.0026,60.3038247,25.75,5.319918012,161.89,0.078,0.012954661,8.208983311,2.779955031,25.58879089,1.2954661,81860.49192,54801.83099
FIN,2006,1.87038,5266.6,28400,127088,7.7,3.9770818,43.17088996,38.1742,60.4293423,25.61000061,2.138794724,171.13,0,0.013198907,8.162323362,4.055197444,26.06739044,1.3198907,96207.56118,70568.63979
FIN,2007,1.96379,5289.333,31100,138596,6.9,4.1011019,43.99680573,33.9927,58.6912634,25.65999985,8.608610241,176.09,0,0.013715783,8.755646151,5.184800809,26.5750351,1.3715783,116531.3624,91702.67354
FIN,2008,1.7431,5314.17,31600,146027,6.4,2.7293236,45.07797699,32.6538,60.0777658,25.03000069,6.838304827,188.97,0,0.012950049,8.580755814,0.720668487,26.24502754,1.2950049,114138.7864,83533.63334
FIN,2009,1.72242,5340.485,28800,113148,8.2,2.0372427,36.27098421,41.6961,64.2312505,23.85000038,-3.509562186,197.17,0,0.014817162,7.425767996,-8.269036558,25.99876213,1.4817162,129183.9754,84713.47458
FIN,2010,1.6622,5367.693,29600,122598,8.4,1.4382683,38.67771245,47.1192,63.1110096,23.19000053,4.933997863,202.01,0,0.014092344,7.43096049,2.992337502,25.76567268,1.4092344,137663.4214,86697.90727
FIN,2011,1.73204,5395.816,30700,132640,7.8,-1.4639176,39.15954264,48.5043,63.5940708,22.88999939,-2.195369292,201.67,0,0.013843905,7.638256749,2.570817745,25.56271935,1.3843905,133657.0752,88862.38657
FIN,2012,1.59119,5424.644,30700,130814,7.7,-1.8854514,39.48136321,53.9098,65.1765553,22.69000053,1.921589008,202.43,0,0.014448381,7.41089438,-1.42618936,25.33979034,1.4448381,,
FIN,2013,1.64344,5453.061,30300,126517,8.2,-1.8697932,38.81419115,56.4582,64.7116094,22.75,-1.830026322,207.78,0,0.015016782,6.998982197,-0.758036295,25.08164024,1.5016782,,
FIN,2014,1.73525,5479.66,30600,124392,8.7,-1.3086814,37.22222763,60.2003,64.3137096,21.79000092,6.32538914,211.23,0,0.016632952,6.787943896,-0.631728091,24.80244064,1.6632952,,
FIN,2015,1.73061,5503.457,31800,119813,9.4,-0.6944743,36.84102505,63.5341,63.7251726,21.62999916,7.289697119,212.89,0,0.016937575,6.825167121,0.268556389,,1.6937575,,
SWE,2000,2.038,8872.284,25700,179169.1,5.6,4.6651806,44.09794661,50.5733,60.8185329,24.36000061,8.782779083,230.94,0.345,0.021677192,5.900983949,4.735287133,25.11939049,2.1677192,123649.7116,93759.8322
SWE,2001,1.94339,8888.675,25700,167021.9,5.8,5.044691,43.75395964,51.731,62.3335576,23.69000053,7.593370088,248.7,0.262,0.019880842,5.943103916,1.563410279,23.41441917,1.9880842,123271.6194,91961.5655
SWE,2002,1.98691,8911.899,26300,167456,6,5.4083543,42.09004637,49.8049,62.1510002,22.93000031,6.964690884,220.82,0.153,0.01916879,5.724843883,2.073577213,22.56887817,1.916879,146855.5241,119206.7989
SWE,2003,2.08744,8942.926,26700,169812.5,6.6,6.8750966,41.24430521,48.9423,61.3650424,22.56999969,1.814413079,205.68,0.183,0.018069032,5.778048149,2.385740236,22.2269249,1.8069032,185695.2095,158988.4827
SWE,2004,2.07528,8982.282,28400,180885.2,7.4,6.8189005,43.44691751,47.8826,60.372236,22.35000038,4.415617064,201.7,0.19,0.017833148,6.01004865,4.32052981,22.95859337,1.7833148,213618.3594,197593.2029
SWE,2005,2.02871,9030.163,28900,189504.3,7.7,7.1790069,45.87325511,48.2096,60.2826665,21.97999954,5.34201209,213.58,0.172,0.019075285,6.19919147,2.818329618,23.87684822,1.9075285,207830.7197,171893.848
SWE,2006,1.96475,9087.251,31000,206876.9,7.1,8.7499165,48.18999568,43.1653,58.9432713,21.85000038,5.250230933,216.43,0.198,0.018980456,6.630127053,4.688127152,24.660429,1.8980456,262368.1604,227113.8046
SWE,2007,1.94439,9153.316,33500,221300.4,6.1,8.6472071,48.25806561,38.2849,59.7307062,21.56999969,9.459197008,233.19,0,0.017213988,6.988852393,3.404948895,25.54529572,1.7213988,331639.0171,293906.6983
SWE,2008,1.8912,9226.333,33100,218104.5,6.2,8.1434078,49.81309771,36.8432,61.0613589,21.22999954,8.062125152,258.5,0,0.01709929,6.865179058,-0.557047628,25.44288254,1.709929,322894.5279,278723.7856
SWE,2009,1.74779,9303.432,30200,166259.5,8.3,6.7526955,44.45230346,40.4033,63.1865218,20.09000015,2.085587092,274.89,0,0.017168349,5.872796716,-5.18465903,25.39058304,1.7168349,353404.061,332185.7655
SWE,2010,1.68883,9382.297,31800,208463,8.6,6.6550682,46.18519236,37.6289,60.6047367,19.85000038,0.127995639,261.98,0,0.020189897,6.13115873,5.988926547,24.80876732,2.0189897,372955.5718,347163.3605
SWE,2011,1.86356,9462.352,33000,230496.2,7.8,5.2557351,46.68289496,36.9406,61.2143472,19.84000015,1.239430649,265.55,0,0.018591686,6.364207528,2.664407951,24.82638359,1.8591686,376677.1201,344099.9172
SWE,2012,1.70885,9543.457,33800,230334,8,5.7034303,46.3231383,37.7854,63.2110501,19.54000092,0.785748042,267.34,0,0.018535192,6.247301699,-0.286320615,24.65856934,1.8535192,,
SWE,2013,1.82719,9624.247,33500,222903.9,8,5.1020595,43.80068591,40.4335,63.6019349,19.05999947,0.266743652,268.64,0,0.019385635,6.189420914,1.241204917,25.35816956,1.9385635,,
SWE,2014,1.89131,9703.247,34300,216203.6,7.9,4.8306002,45.03314841,45.2329,62.8749016,18.5,-1.503424384,269.53,0,0.020195965,6.412848911,2.604326565,,2.0195965,,
SWE,2015,1.85253,9779.426,36200,208175.2,7.4,4.6767324,45.59012299,43.9315,62.3999282,18.17000008,1.612749017,268.81,0,0.02128066,6.717483171,4.084960074,,2.128066,,
